Dominguez, Gray and Roth;Saint Kitts and Nevis;Marcus Rosario;5.6;1971
Roberts Inc;Ethiopia;Kevin Clark Jr.;8.0;2008
Wright, Hernandez and Vasquez;Bahamas;Ricardo Sharp;2.7;1992
Hernandez-Mullins;Equatorial Guinea;John Carter;8.3;2014
Glenn, Faulkner and Griffith;Colombia;David Evans;3.3;2002
Gonzalez, Williams and Chavez;Slovenia;Joshua Beltran;4.8;1974
Bautista Inc;Iraq;Troy Garcia;9.6;1970
Holland, Nguyen and Chen;Nicaragua;Lisa Hoffman;4.2;1981
Jackson, Wilson and Goodman;Sao Tome and Principe;Beverly Nguyen;8.0;2019
Mccormick LLC;Puerto Rico;Ronald Williams;3.8;1989
Hall, Williams and Bryant;Togo;Sandra Roberson;9.9;1996
Stone, Hayes and Mendez;Aruba;Joshua Gonzalez;8.9;1999
Silva, Evans and Richardson;Bhutan;Mr. Daniel Lowe;1.3;1983
Thompson LLC;South Africa;Ashley Jackson;5.0;1983
Williams, Schmidt and Jackson;Fiji;Colleen Campbell;6.9;1996
Davis, Clarke and Murphy;United States Minor Outlying Islands;Andrea Torres;5.7;1995
Hodge, Liu and Ramsey;Bermuda;Angela Martinez;4.8;1973
Williams LLC;Netherlands Antilles;Samantha Rios;5.3;1979
Lee PLC;Japan;Gordon Lopez;2.0;2003
Matthews LLC;Saint Martin;Kristen Lawson;8.0;1982
Carpenter-Espinoza;Switzerland;Andrea Snyder;1.0;1992
Soto-Davis;Nicaragua;Allison Stewart;4.9;2010
Krause, Phillips and Schaefer;Estonia;Sandra Harris;8.2;1997
Hudson, Turner and Alvarez;Slovakia (Slovak Republic);Carmen Finley;3.6;2012
Mcbride-Gilmore;Luxembourg;Nicholas Smith;6.3;1987
Harris, Stevenson and Johnson;Cape Verde;Kristin Peterson;7.6;1970
Holloway, Estrada and Weber;Samoa;Robert Garcia;1.5;2018
Brown-Gonzalez;Dominican Republic;Brooke Riley;8.6;1985
Saunders, Ramos and Meyer;Afghanistan;Robert Mack;2.0;1977
Daniels, Johnson and Farrell;Botswana;Lisa Carey;6.7;1986
Giles, Ashley and Porter;Norway;Amanda Bryan;9.8;1972
Morris-Griffin;Egypt;Laura Dillon;3.7;1973
Mcintosh, Mason and Villa;Afghanistan;Tracy Sharp;5.7;1976
Warren, Owens and Reed;Maldives;Mary Martin;4.1;2014
Delacruz-Watson;Korea;Jennifer Michael;3.6;2009
Brown, Norton and Ramos;Saint Barthelemy;Kerri Clements;3.3;2004
Green and Sons;Libyan Arab Jamahiriya;Allison Williams;2.4;2003
Carroll, Mora and Norris;Russian Federation;Jerry Perez;8.5;1995
Allison, Paul and Perez;Tunisia;Sarah Benjamin;7.9;1976
Ingram-Blackwell;Jamaica;Stacy Lee;7.8;2003
Griffin-Scott;Bahrain;Russell Morales;4.0;1988
Skinner-Ortiz;Kazakhstan;Christine Parker;5.5;1976
Stephens, Sharp and Weeks;Guyana;Wayne Hatfield;1.9;1994
Taylor PLC;Cocos (Keeling) Islands;Stephen James;7.9;1974
Cook, Gutierrez and Ruiz;Belgium;Jerry Bell;3.1;2022
Grant Group;Monaco;Ronald Burgess;6.6;1993
Combs Ltd;Paraguay;John Scott;2.3;2000
Davis-Foster;Moldova;Marcus Patel;1.2;1995
Frost, Grant and Anthony;Austria;Alyssa Davis;4.7;1983
Swanson Ltd;Turks and Caicos Islands;Anne Carpenter;4.5;1994
Williams Ltd;Puerto Rico;Aaron Shaw;10.0;2022
Lewis-Middleton;Cook Islands;Curtis Smith;2.7;2008
Baker-Paul;Denmark;John Gonzalez;6.0;1972
Williams, Mcneil and Wood;Switzerland;Julie Wolf;5.9;1973
Snyder-Sims;Mauritius;Ryan Hood;9.4;1989
Fox, Sawyer and Valencia;Guam;Danielle Pena;5.9;2016
Moore, Washington and Robles;Saint Barthelemy;Kevin Waller;6.7;1973
Nelson PLC;Latvia;Mrs. Michelle Moore;3.5;2004
Ferguson PLC;Martinique;Amber Ramos;9.5;2012
Bullock-Ramirez;Panama;Michelle Walker;4.6;2015
Johnson and Sons;Panama;Connie Graham;7.2;1988
Branch Group;Pitcairn Islands;Nicholas Roberts;5.3;1993
Pruitt LLC;Heard Island and McDonald Islands;Steven Brown;9.2;1976
Serrano-Clark;French Guiana;Miss Jamie Flores;2.7;2005
Payne, Burgess and Reyes;Turkey;Jerry Lewis;5.3;1993
Simmons, Williams and Smith;Svalbard & Jan Mayen Islands;Carlos Medina;8.3;2016
Butler, Manning and Rodriguez;Wallis and Futuna;Richard Morris;7.6;2019
Johnson, Clark and Gardner;Christmas Island;Maria Hall;6.9;1992
Davis PLC;Bahrain;Hannah Mcmahon;9.7;1994
Lara-Atkinson;Mali;John Johnson;5.6;1993
Scott Ltd;Bosnia and Herzegovina;Jordan Chen;9.6;2013
Foster PLC;Seychelles;Jennifer Brooks;9.7;1972
Frederick, Simmons and Barron;Svalbard & Jan Mayen Islands;Kyle Jackson;5.8;1977
Jones-Davis;Papua New Guinea;Melanie Johnson;6.9;1995
Arnold-Gross;Costa Rica;Melanie Mckinney;3.2;2017
Smith-Walters;Netherlands;Gabriel Parker;6.9;2005
Mcintosh, Becker and Mclean;Bangladesh;Lori Brown;7.8;2007
Hernandez, Williams and Morris;South Africa;James Ayala;8.2;2000
Robinson-Goodwin;Latvia;Angel Barajas;7.2;1985
Booker-Sims;Trinidad and Tobago;James Walton;5.3;2013
Howard, Martinez and Ortiz;Austria;Anthony Cole;8.7;2021
Cannon, Dorsey and Wilson;Afghanistan;Susan Rodriguez;8.9;1990
Mckee Group;Western Sahara;David Gaines;8.9;2010
Trevino and Sons;Swaziland;Michelle Mayer;9.5;2007
Thomas, Rollins and Welch;Cameroon;Richard Flores;9.1;1991
Thomas Inc;Austria;George Durham;4.4;1984
Walters and Sons;Russian Federation;Andre Jones;7.7;2002
Alvarez, Kim and Green;United States of America;Heather Norton;5.9;1976
Garcia, Allen and Ross;Cameroon;Sabrina Scott MD;4.3;1982
Watson-Adkins;Kiribati;Nicole Lamb;6.5;2004
Burke Inc;Holy See (Vatican City State);Tracy Hartman;5.2;2022
Chen, Stephens and Dawson;Brazil;Brent Hess;7.0;2012
Little and Sons;Solomon Islands;Philip Ho;4.4;2002
Shelton-Hill;China;Jason Lee;9.9;2002
Wilson, Carter and Murphy;Rwanda;John Oconnor;1.3;1999
Turner-Stafford;Bermuda;Clifford Garcia;8.0;1971
Miller-Allen;Iran;Courtney Lopez;1.5;1987
Fernandez, Scott and Johnson;Tanzania;Gloria Burton;5.4;1990
Richardson-Green;Botswana;Calvin Williams;2.3;1984
Marsh LLC;Belarus;Alyssa Newman;6.9;2020
Hooper and Sons;Panama;Sarah Trevino;9.1;1975
Hull-Watson;Panama;Lisa Hughes;6.9;1999
Smith, Holland and Alexander;France;Rebecca Mcgee;1.7;1977
Houston Inc;Sao Tome and Principe;Mrs. Tiffany Gomez DVM;2.6;2020
Bauer-Clark;Albania;Logan Norris;7.2;1970
Hutchinson PLC;Brazil;Wayne Barnett;7.9;1992
Richardson Ltd;Bahamas;Sheryl Campbell;4.8;2008
Lawson, Rodriguez and Robinson;Burundi;Matthew Cooper;1.3;2017
Knox-Berg;Svalbard & Jan Mayen Islands;Sheri Buckley;3.6;1987
Little-Kidd;Mali;Philip Jacobson;6.3;2016
Scott, Andersen and Martinez;Rwanda;Jacqueline Duncan;6.1;1995
Newman-Cohen;Ukraine;Emily Brown;8.9;1989
Gaines and Sons;Macedonia;Scott Garrett;8.5;2009
Bryant, Wilson and Fox;Kyrgyz Republic;Nicole Willis;8.5;2015
Miller Group;Ethiopia;Vincent Hanson;7.8;2001
Malone Ltd;Bermuda;Jesse Gibson;6.4;1983
Harris-Murphy;Turkmenistan;Victor Zimmerman;2.7;1974
Stevens-Flores;Grenada;Amber Moore;2.1;2006
Smith and Sons;Saint Helena;Matthew Henderson;8.7;1982
Golden, Rodriguez and Thompson;American Samoa;Ryan Frazier;5.1;1988
Callahan Group;New Caledonia;Gina Mullen;6.6;1985
Leonard, Anderson and Yang;French Polynesia;Tyler Allen;8.9;1970
Kent Ltd;Haiti;Kayla Nguyen;4.8;2006
Yates, Thomas and Harris;Cape Verde;Jessica Green;7.5;1981
Gray and Sons;Denmark;Allen Reilly;9.4;1978
Page-Hoffman;Guernsey;Charlotte Mendoza MD;8.6;2016
Ibarra, Miranda and Williams;French Polynesia;Natalie Barton;1.6;1985
Long Group;Colombia;Belinda Sparks;5.6;2008
Tucker, Jackson and White;Mayotte;Deborah Snyder;3.6;2005
Wilson Ltd;Latvia;Robert Durham;1.8;1992
Harrington Ltd;Western Sahara;Sarah Scott;6.2;1983
Phillips, Hill and Williams;United States Minor Outlying Islands;Cindy Rowe;3.6;2010
Nixon, Flores and Diaz;Taiwan;Jon Sullivan;7.3;1972
Abbott-Clark;Argentina;Nicole Chang;4.2;1996
Mcguire, Lopez and Padilla;Norfolk Island;Barbara Gonzalez;4.3;2005
Humphrey-Hall;Benin;Cindy Caldwell;9.1;1974
Davis, Smith and Gentry;Thailand;Rebecca Murray;9.9;1985
Baker LLC;Cape Verde;Jeremiah Johnson;9.4;2002
Miller, Brown and Fuller;Trinidad and Tobago;Monica Anderson;5.3;2020
Boyd, Lopez and Gordon;Bangladesh;Phillip Tran;3.3;1999
Brooks-Smith;Greenland;Nancy Harding;7.4;1987
Zuniga-Anthony;Timor-Leste;Joseph Greene;1.1;1994
Ramos Ltd;Tokelau;Richard King;3.1;1976
Brown-Smith;Norway;Christian Moran DDS;3.6;2004
Jones PLC;Korea;James Scott;4.2;2013
Powers PLC;Isle of Man;Matthew Henry;2.5;2005
Williams, Alvarez and Travis;Slovakia (Slovak Republic);Lawrence Richards;5.7;1992
Lee Ltd;Slovakia (Slovak Republic);George Wade;9.3;1985
Ho-Palmer;Equatorial Guinea;Brittany Owen;4.2;1975
Sanders Group;Guernsey;Christopher Martin;4.3;1992
Brown and Sons;Falkland Islands (Malvinas);Shelby Bryant;5.6;1984
Carney LLC;Oman;Kayla Robertson;5.6;2012
Warren-Santiago;Somalia;Kimberly Lewis;4.7;1993
Boyer Inc;New Caledonia;Kimberly Stevenson DDS;2.9;1979
Jones-Smith;Armenia;Alyssa Lynn;4.5;2010
Hines and Sons;Angola;Justin Beasley;9.6;1995
Grimes-Butler;Andorra;Sean Farmer;9.2;1987
Johnson-Pierce;Mexico;Stephanie Riley;8.8;2014
Golden, Guerrero and Whitaker;Suriname;Sarah Larson;6.6;2015
Pineda-Brown;Paraguay;Jesse Ford;1.7;1980
Nguyen, Manning and Green;Brazil;Jason Dennis;7.2;1973
Hernandez, Bell and Franklin;Cook Islands;Jessica Gordon;9.8;1999
Madden-Oliver;United Arab Emirates;David Sandoval;5.4;1974
Thompson Group;Belarus;Andrea Shaffer;8.7;1997
Byrd and Sons;Nicaragua;Catherine Freeman;6.4;2012
Hernandez, Johnson and Mckenzie;Syrian Arab Republic;Sherry Landry;5.2;2016
Mills Inc;Dominican Republic;April Williams;3.0;1973
Snyder and Sons;Hong Kong;Dana Gray;6.0;2013
Roberts, Moon and Wilson;China;Edwin Collier;7.4;1974
Figueroa Inc;Mali;William Bowman;8.0;2006
Jenkins-Aguilar;Suriname;Cheryl Green;4.5;1983
Richardson Inc;Norway;Nicholas Bradley;2.5;2007
Cooper, Mack and Levy;Chad;Rachel Mercado;1.4;2013
Simon, Williams and Miller;South Georgia and the South Sandwich Islands;Maurice Nelson;8.2;2019
Robinson Inc;Saint Helena;Veronica Chase;5.9;1973
Sosa PLC;Gibraltar;Julia Brown MD;7.1;2005
Conrad, Cook and Stephens;Somalia;Ms. Robin Gonzalez;6.1;2002
Watkins, Mclaughlin and Wilson;Saint Martin;Christine Campbell;7.3;1973
Ellis-Padilla;United States of America;Shane Elliott;9.7;2021
Zamora Ltd;Reunion;Mary Weeks;9.7;2012
Watkins-Jones;Togo;Mr. Jesse Mathews;9.7;1983
Burns Inc;Libyan Arab Jamahiriya;Omar Guerra;9.5;2004
Rogers, Ferguson and Fitzgerald;Bahamas;Kelsey Baker;9.2;2011
Acosta Inc;Falkland Islands (Malvinas);David Davenport;5.3;1999
Snow Group;Saint Martin;Kevin Olsen;4.2;2020
Elliott LLC;Antarctica (the territory South of 60 deg S);Autumn Cole;2.7;1995
Chavez, Barnett and Keith;Palau;Stephanie Smith;8.6;1976
Gomez-Martin;Uruguay;Sheena Oneal;6.1;1989
Schroeder-Cantu;Saint Barthelemy;Tyrone Crawford;6.7;2020
Phillips, Eaton and Russell;Estonia;Kevin Davis;1.7;1971
Perry Inc;Turkey;Nicholas Price;5.5;1970
Silva, Allen and Dudley;Falkland Islands (Malvinas);Mrs. Kristina Cunningham;7.3;1986
Miller and Sons;Bouvet Island (Bouvetoya);Mary Burnett;8.0;1978
Trevino, Taylor and Harrison;Mauritania;Andrea Clark;4.5;2020
Nelson, Jones and Perez;Martinique;Courtney Davis;3.4;2001
Holmes-Smith;Christmas Island;Melissa Day;2.2;1981
Marshall-Brown;Saint Helena;Jessica Chapman;4.6;2005
Wade, Orozco and Jones;Norway;Douglas Pena;4.7;1989
Camacho, Guzman and Mack;Iraq;Erica Vazquez;5.8;2013
Barrett-Williams;Iraq;Christopher Stewart;3.9;2020
Phillips-Peters;Martinique;Angela Woodward;9.4;1985
Martinez and Sons;Kenya;Ian Wright;4.0;1982
Gonzalez-Scott;Antarctica (the territory South of 60 deg S);Kathleen Williams;4.5;2018
Harding-Sanchez;Jordan;Chelsea Walker;3.8;1978
Fields-Harris;Uruguay;Aaron Bradley;6.8;2017
Scott Inc;Bosnia and Herzegovina;Valerie Pace;7.4;2001
Allen Group;Peru;Brenda Edwards;2.8;1973
Peterson, Williams and Robinson;Czech Republic;Elizabeth Day;4.8;1988
Ross-Ayala;Greece;Alison Hart;1.1;1999
Adams-Morales;Belgium;Larry Davidson;7.1;1978
White, Gonzalez and Barron;Tajikistan;John Roberts;5.2;1993
Guerrero-Watson;Barbados;Travis Barnett;2.5;2014
Frye-Aguilar;Guadeloupe;Christopher Simpson;8.7;1994
Ryan-Williams;Myanmar;Susan Smith;5.5;1991
Campbell Inc;Netherlands Antilles;Luis Haney;5.4;1987
Sanders-Myers;Chile;Kyle Farrell;4.3;1979
Smith, Rowe and Pugh;Norway;Kathryn Ramos;1.2;1975
Thomas-Joseph;Montenegro;Megan Harrell;1.5;1995
Johnson Group;Norfolk Island;Mrs. Nicole Patel DDS;7.1;2007
Freeman, Macdonald and Acosta;Kenya;Veronica Davis;2.7;2000
Martin, Miller and Barnett;Sweden;William Ferrell;5.1;2007
Meyers-Alexander;Chad;Joshua Campbell;1.1;2009
Benton, Ramos and Lopez;Niue;Kathy Patterson;7.0;1999
Bryant, Guzman and Rivera;Gibraltar;Jennifer Hill;9.5;2001
Bautista LLC;Marshall Islands;Anita Dixon;5.1;1996
Perez-Saunders;Germany;Paul Pope;5.5;1987
Aguilar-Bates;Lithuania;Jacqueline Vargas;4.7;2005
Williams, Bowman and Owens;Lebanon;Daniel Lopez;6.5;2005
Schwartz Group;Kyrgyz Republic;Aaron Joseph;6.7;1972
Medina-Williams;Svalbard & Jan Mayen Islands;Laura Horne MD;3.0;2018
Hudson-Diaz;Comoros;Ernest Charles;3.4;1972
Ortiz, Murillo and Bowman;Peru;Angela Sullivan;9.1;1976
Wong and Sons;French Southern Territories;Edward Hanson;5.5;1970
Carr, Foley and Jackson;Denmark;Richard Howell;4.5;1996
Ellis-Alvarado;Swaziland;Lori Andrade;5.2;2008
Curtis-Barajas;Cyprus;Guy Parker;8.4;2000
Baldwin-Smith;Palau;Thomas Adams;8.0;1988
Cox Inc;Grenada;Sarah Johnston;3.8;2005
Fletcher LLC;China;Jonathan Lowery;7.6;2018
Greene LLC;Costa Rica;Dr. Matthew Simmons PhD;8.9;1999
Andrews, Wagner and Richardson;Sri Lanka;Marisa Russell;4.9;1982
Smith, Robinson and Glass;Namibia;Madison Miller;9.9;1990
Webb LLC;Lesotho;Megan Hudson;5.8;1997
Riley LLC;Guinea;Patrick Clark;8.5;2007
Martin Group;Turkmenistan;Beth Terry;3.3;1977
Villanueva Group;Cambodia;Samuel Morrison;2.6;2015
Gross LLC;Taiwan;Matthew Swanson;5.5;2022
Alvarez-Holloway;South Georgia and the South Sandwich Islands;Joseph Dickerson;9.4;2016
Pitts, Hill and Mendoza;Nicaragua;Troy Kelley;2.3;1987
Marshall-Dominguez;Qatar;Kathryn Garcia;6.0;2009
Bowen Inc;Lithuania;Ashley Wilson;7.9;1980
Martin, Williams and Downs;Christmas Island;Gregory Joseph;3.8;1997
Brooks-Rodriguez;Mauritius;Alicia Davis;2.8;1981
Singh-Casey;Jamaica;Erica Kennedy;2.0;1997
Flores, Mclean and Greer;Jersey;Julie Miller;6.9;2007
Brown, Davis and Stein;Tonga;Kimberly Jacobs;8.7;1990
Lee-Murillo;Samoa;Ruth Hayden;4.5;2009
Greene-Nicholson;Fiji;Jennifer Singh;1.5;1971
Williams, Ibarra and Grant;France;Dakota Walker;4.0;2000
Lee-Nielsen;Philippines;Sandra Garcia;2.5;1982
Green, Macias and Watson;Bulgaria;Phillip Cox;4.7;2005
Edwards LLC;Saudi Arabia;Maria Vasquez;5.8;2001
Delgado-Cooper;Taiwan;Amber Zhang;9.7;2020
Arroyo LLC;Holy See (Vatican City State);Aaron Clements;8.0;2001
Young-Baker;Anguilla;Daniel Garcia;3.6;1995
Patel, Hodge and Becker;Liechtenstein;Theresa Valdez;1.4;1970
Pena Inc;Georgia;Monique Davis;9.8;1994
Martin-White;Greece;Donna Vaughan;4.0;2011
Beasley Inc;Tanzania;Blake Byrd;7.9;1985
James PLC;Saint Vincent and the Grenadines;Erica Medina;5.5;2006
Lawson-Lambert;French Polynesia;Jason Banks;4.9;1975
Hernandez, Davis and Lee;Argentina;Levi Abbott;2.4;1995
Oconnor-Coffey;Jamaica;Jennifer Baker;9.4;2009
Davis, Webb and Clark;Maldives;Brandy Brooks;1.0;1978
Benitez Ltd;Hungary;Jamie Chavez;8.1;1974
Patterson, Morris and Alvarez;Peru;Daniel Chapman;1.6;2013
Martinez-Stafford;Togo;Matthew Vaughn;7.1;1990
Ross PLC;Trinidad and Tobago;Dean Jackson;8.5;1995
Obrien LLC;France;Brenda Smith;2.9;1983
Harrison Ltd;Chile;Kyle Campbell;1.5;1991
Jones Ltd;Cook Islands;Elizabeth Clark;3.5;1974
Poole and Sons;Bhutan;Michael Duran;6.0;1979
Monroe-Jimenez;Belize;Brandi Williams;1.8;1990
Reed-Aguilar;Equatorial Guinea;Dennis Baker;7.5;2011
Williamson Ltd;Mauritania;Emily Butler;1.7;1989
Wood Inc;Mozambique;Joseph Hayes;9.7;2012
Greene-Davis;Benin;Caleb Brooks;9.8;2002
Gonzalez-Savage;San Marino;Allison Singh;8.1;2007
Martin, Gonzalez and Aguilar;Vietnam;Susan Ramirez;9.6;1971
Salazar, Miller and Trevino;Bahamas;Monica Murray;5.3;1978
Cook, Hernandez and Hunt;Malta;Matthew Williams;4.0;2016
Jones Group;Austria;Jaime Smith;3.4;2020
Wolf PLC;Iraq;Michelle Welch;4.4;1971
Wilson, Richard and Mann;Marshall Islands;Natalie Benton;3.6;1987
Hull Ltd;Christmas Island;Emily Briggs;1.4;1996
Campbell PLC;Kenya;Charles Hernandez;8.3;2003
Haas-Hunter;Sudan;Richard Mayo;2.2;2013
Cervantes, Elliott and Baker;Luxembourg;Michelle Schmidt;1.2;2009
Jenkins-Becker;Cape Verde;Nicole Mccann;9.3;1996
Bolton-Simmons;Belize;Julie Jackson;2.3;1981
Suarez-Matthews;Moldova;Veronica Jones;8.4;2011
Allen-James;Chad;Jonathan Brown;4.1;1979
Lopez PLC;Bouvet Island (Bouvetoya);Patricia Robertson;1.7;2006
Barber PLC;Kenya;Jeffrey Moore;6.7;1993
May, Francis and Fisher;Venezuela;Sean Phillips;1.1;2006
Ellis Group;Congo;Christy Reynolds;2.1;2004
Williams, Rice and Chavez;Holy See (Vatican City State);Dave Stanton;8.3;1970
Mejia, Brown and Carter;Niger;Patricia Stephens;9.2;1999
Harvey Group;Aruba;Carol Evans;9.8;1992
Smith-Smith;Cocos (Keeling) Islands;Joseph Cameron;3.2;2005
Joseph, Young and Hanson;Zambia;Hannah Martin;9.9;1983
Riddle-Hernandez;Canada;Ashley Ashley;5.4;2004
Pierce-Blackburn;Latvia;Erik Armstrong;1.2;2010
Brown LLC;Heard Island and McDonald Islands;Emily Petersen;4.8;2005
Murphy Inc;Nicaragua;Veronica Bennett;1.7;2011
Payne and Sons;Morocco;Julie Campos;2.9;1971
Leonard Inc;Syrian Arab Republic;Warren Wells;5.5;2005
Torres LLC;Kiribati;James Johnson;5.8;2001
Banks, Davis and Greer;Palau;Jeffrey Haley;7.8;1976
Greer-Vincent;Somalia;Joel Watts;6.5;2006
Garcia-Carter;Northern Mariana Islands;Pamela Yates;8.5;1987
Green Ltd;Cayman Islands;Judy Krause;3.1;1993
Nguyen-Malone;Albania;Kathleen Wilson;3.9;1974
Blankenship and Sons;Falkland Islands (Malvinas);Douglas Patel;8.0;1997
Knight, Reed and Morris;Aruba;Gerald Kelly;3.0;1977
Wilson, Petersen and Johnson;Burkina Faso;Christopher Johnson;9.3;1988
Moore PLC;United Arab Emirates;Mr. Cody Ellis;8.1;1995
Rivas, Bullock and Diaz;Timor-Leste;Anthony Ray;5.4;1986
Gonzales PLC;Suriname;Miranda Lynch;7.8;1984
Sanchez-Nelson;Norway;Gary Marshall;3.5;1995
Schneider LLC;Barbados;Jill Perez;4.8;1971
Simon-Owens;United States Virgin Islands;Christine Delgado;3.2;1992
Donovan Ltd;Timor-Leste;Anna Davis;2.1;1982
Murray LLC;Ireland;Amy Parks;1.8;2014
Rodriguez-Taylor;Bulgaria;Lonnie Bradley;7.2;2006
Carlson LLC;Heard Island and McDonald Islands;Ashley Nelson;9.0;2016
Sanchez, Schroeder and Patterson;Guinea-Bissau;Dana Robinson;9.6;2017
Sanders, Taylor and Schmidt;Falkland Islands (Malvinas);Derrick Lee;4.3;1990
Rogers, Clark and King;Vanuatu;Brittany Scott;7.4;2013
Gilbert, Carr and Ward;Bangladesh;Robert Craig;8.0;2014
Cooper, Dunn and Hardy;Turkey;Christine Villegas;7.8;1987
Bishop, Jones and Sexton;Gibraltar;Wanda Martin;2.7;2008
Norris Ltd;Syrian Arab Republic;Frances Hernandez;4.2;1986
Mayo-Long;French Southern Territories;Joseph Oneill;2.4;2006
Edwards-Wong;South Georgia and the South Sandwich Islands;Mark Jimenez;7.7;2005
Little, Martin and Lewis;Slovakia (Slovak Republic);Hannah Miller MD;4.2;1985
Hernandez Group;Colombia;John Long;9.3;1992
Wilson, Johnson and Lee;Anguilla;Claire Johnson;7.2;1980
Daugherty-Ibarra;Gabon;Suzanne Wilkerson;9.0;1996
Richardson Group;Sierra Leone;Melissa Jacobson;2.3;2019
Walker, Padilla and Long;Zambia;Christopher Robinson;3.4;1989
Davis and Sons;Saint Vincent and the Grenadines;Mary Mendoza;5.7;2014
Lopez-Gonzales;Uganda;Selena Cummings;3.5;2001
Williams-Walter;Iraq;Mr. Robert Rogers;2.7;1982
Phillips, Chung and Gonzalez;Slovenia;Lisa Murphy;8.0;1986
Hodges-Walker;Mozambique;Todd Gilbert;3.8;1980
Ponce-Sanchez;Albania;Donna Allen;2.1;1994
Luna and Sons;Bangladesh;Danielle Richmond;5.8;1982
Cunningham, Murphy and Pitts;Sri Lanka;Breanna Irwin;5.0;2012
Adams, Rodriguez and Wagner;New Caledonia;Daniel Phillips;9.3;1981
Drake Group;Cambodia;Michael Wright;3.0;1986
Hamilton, Lopez and Vasquez;Tokelau;Sarah Leach MD;5.6;1970
Brown, West and Harris;Senegal;Linda Moore;6.7;1990
Deleon Ltd;Romania;Melissa Gonzalez;2.1;1970
Randall, Stone and Henry;Liechtenstein;Tracy Harper;8.0;2019
Gates-Baxter;Philippines;Charles Williams;8.7;1975
Dean, Hamilton and Jacobson;Slovakia (Slovak Republic);James Williams;4.4;1994
Pruitt-Ramsey;French Polynesia;Joshua Parks;1.7;2012
Monroe Inc;Mongolia;Mark Vaughn;6.7;1995
Hernandez Ltd;Antigua and Barbuda;Joseph Alexander;8.6;1978
Mora Group;Latvia;Tracy Briggs;1.2;1988
Nguyen-Melton;Yemen;Bethany Bender;8.4;2008
Vargas-Little;Bhutan;Jason Stewart;1.5;2014
Rivera-Cummings;Bosnia and Herzegovina;Travis Sullivan;9.3;1978
Christensen LLC;Russian Federation;Brian Hobbs;8.0;2010
Thomas PLC;Albania;Jill Hammond;7.6;2004
Moses, Martinez and Noble;Micronesia;Jordan Cameron;8.1;1974
Wells, Miller and Robinson;Spain;Laura Mcneil;2.6;1982
Carney Inc;Tanzania;Lauren Nichols;7.4;2008
Chang PLC;Nicaragua;Savannah Calderon;3.8;2012
Roberts, Chen and Wright;Turks and Caicos Islands;Timothy Baker;4.0;1983
Zimmerman LLC;Israel;Vanessa Kelly;6.9;1989
Garcia Group;Benin;Steven Mckinney;4.6;2004
Ward PLC;Sao Tome and Principe;Jessica Parrish;3.9;2021
Holloway-Peterson;Armenia;Abigail Washington;3.1;1982
Watson-White;Hungary;Robert Thomas;6.0;1997
Rocha-Griffin;Tuvalu;Michelle Hughes;8.5;1992
Perez Group;Cameroon;David Lamb;7.2;1997
Heath LLC;Haiti;Phillip Alexander;6.2;1979
Hernandez-Miller;Lithuania;Bonnie Mullins;9.5;1971
Bennett, Walter and Cook;Ukraine;Diana Nielsen;6.4;2010
Ramos-Wells;French Southern Territories;Ashley Rice;6.1;1991
Hebert Inc;Samoa;Jennifer Johnson;8.2;1986
Simmons-Meyer;French Polynesia;Cassandra Houston DVM;4.9;2021
Pham-Bentley;Palestinian Territory;Robert Williams;7.5;2002
Lee-Jones;Niger;Chelsea Mullins;7.7;1993
Brown-Harris;Tanzania;Michelle Alvarado;9.1;2020
Stevens, Ferrell and Lin;Mauritania;Todd Lambert;9.7;1990
Abbott, Robles and Burns;Micronesia;Gregory Graves;2.0;1975
Le Inc;Singapore;Lisa Walker;1.3;2002
Lopez-Brown;Serbia;Alexander Martin;2.8;1976
Thomas, Grimes and Reynolds;French Guiana;Lisa Hahn;4.8;1989
Montgomery-Luna;Tunisia;Lisa Bell;8.2;2019
Vasquez-Hester;Belgium;Michael Calderon;8.4;1984
Walters-Hill;Jersey;Antonio Mclean;1.5;1993
Bailey Group;Christmas Island;Billy Crosby;2.4;2021
Rodriguez, Shaw and Rodriguez;Bahrain;Joshua Holmes;1.0;2009
Evans, Beck and Vaughn;Austria;Tammie Yoder;3.5;1970
Miller-Bailey;Sudan;Mark Jacobson;5.5;1979
Walls-Allen;Mauritania;Dennis Kramer;2.2;1998
Hill LLC;Antarctica (the territory South of 60 deg S);Eric Arnold;6.3;1984
Smith-Adams;Guyana;Crystal Johnson;5.2;1971
Farrell, Fernandez and Turner;Luxembourg;Stephanie Willis DVM;5.2;2004
Harris, Rodgers and Torres;Eritrea;Gina Wood;9.5;1987
Cain Inc;Zimbabwe;Nicholas Hill;7.3;1982
Wilson-Rubio;Brazil;Margaret White;1.8;1970
Lawrence Inc;Senegal;Sharon Ho;9.6;2018
Nelson and Sons;Cape Verde;Matthew Stanley;4.5;2001
Caldwell-Gonzalez;Norway;Alexander Hood;8.3;2006
Martinez-Schultz;Bahamas;Felicia Savage;3.2;2009
Paul, Gutierrez and Mann;Finland;Angelica Miller;2.6;1989
Park and Sons;Australia;Jacob Jenkins;9.4;2018
Garcia, Scott and Conrad;Aruba;Kaitlyn Hurley DVM;5.0;2018
Adams-Le;Grenada;Andrea Davis;8.2;2001
Decker-White;Tajikistan;Andrea Glass;7.2;1978
Anderson-Grant;Namibia;Amanda Foster;1.2;1981
Mcintyre-Barber;Andorra;Jordan Robinson;7.2;2004
Adkins-King;Saint Martin;Marisa Martin;7.4;1980
Becker, Smith and Reyes;Grenada;Connie Vasquez;6.1;2016
Rodriguez, Griffith and Scott;Equatorial Guinea;Joann Rodriguez;1.3;1977
Nelson Inc;United States of America;Melissa Cole;9.8;2004
Rios-Hunter;Barbados;Katrina Bauer;3.3;1999
Molina Inc;Seychelles;Stephen White;9.0;1984
Copeland-Phillips;Western Sahara;James Harvey;7.6;2013
Williams-Ellis;Poland;Amy Johnson;9.7;1993
Acosta, Flores and Mclaughlin;Macedonia;Jamie Allison;5.0;2004
Brown, Cruz and Holloway;Bouvet Island (Bouvetoya);Kristin Johnson;7.6;1976
Scott, Cooper and Zimmerman;Maldives;James Martinez;3.8;1997
Smith-Herman;South Georgia and the South Sandwich Islands;Elijah Todd;1.9;1988
Bass, Mitchell and Lutz;Guyana;Scott Burns;6.6;1987
Decker-Turner;Moldova;Kimberly Cordova;2.9;1990
Cohen Inc;Fiji;Catherine Ramos;6.1;1981
Hamilton-Davis;French Polynesia;Mr. Brandon Arnold;1.5;2015
Dean LLC;Micronesia;Andrew May;7.2;1971
Greene Inc;Cuba;Neil Lambert;8.2;2009
Sims, Johnson and Johnson;Belarus;Allen Brown;4.2;1985
Shelton Ltd;Saint Kitts and Nevis;Paige Morris;1.6;1974
Spears Inc;Pitcairn Islands;Zachary Graham;2.0;1987
Myers, Luna and Wallace;Germany;Brian Brown;6.0;1989
Foster and Sons;British Virgin Islands;Daniel Singleton;3.0;2011
Montoya-Cantu;Malawi;Kristy Brooks;8.4;2021
Barnett, Duncan and Serrano;Gabon;Benjamin Brown;1.2;2001
Crawford, Henson and Martinez;Israel;Cathy Hill;4.2;1981
Gilbert LLC;Sao Tome and Principe;Danielle Chang;5.8;2012
Fuller Ltd;Isle of Man;Brian Ramsey;3.7;2016
Caldwell-Hayes;United States of America;Regina Lambert;5.8;1975
Allen, Thompson and Wright;Kuwait;Carmen Campbell;2.4;1983
Price, Wilson and Brown;Brazil;David Williamson;5.1;1991
Soto-Jensen;Myanmar;Kendra Tran;9.6;1993
Long, Ellis and David;Iran;Jeffrey Cox;8.4;2009
Soto-Henry;Ethiopia;Erica Mcconnell;4.7;1992
Fields Inc;Papua New Guinea;Rodney Stark;6.7;2009
Roman-Lee;Denmark;Reginald Hill;1.3;2018
Guzman and Sons;Brunei Darussalam;Jerry Gordon;9.6;2000
Weiss, Hernandez and Yu;Nigeria;Manuel Ford;8.2;2003
Paul-Booker;Guatemala;Lisa Barker;4.6;2005
Coleman, Turner and Smith;Czech Republic;Devin Sandoval MD;7.4;1974
Cole-Sloan;Kyrgyz Republic;Brittany Harvey;2.1;1983
Martin, Copeland and Lopez;Tonga;Joseph Perez;7.0;1974
Short, Villanueva and Mccall;Macedonia;Jared Hernandez;3.8;1979
White-Lynch;Aruba;Alexis Le;7.1;2016
Mccann-Pineda;American Samoa;Maria Webster;3.8;1996
Gomez Inc;Guadeloupe;Alicia Rivera;1.7;1973
Robinson, Robinson and Smith;Seychelles;Michael Ross;4.8;2018
Johnson-Davis;Fiji;Timothy Edwards;5.9;2019
Dunn, Hamilton and Moore;Trinidad and Tobago;Chase White;6.7;2013
Brooks, Flynn and Berry;United States of America;Vincent Walls;5.9;2010
Williams, Saunders and Harris;New Zealand;Mrs. Renee Parsons;2.3;1995
Goodwin, Lee and Delacruz;Bhutan;Dr. John Bender;9.8;1995
Guzman LLC;Mauritius;Randy Bowen;1.9;1987
Golden-Shields;Cayman Islands;Anthony Smith;7.9;1985
Brady Ltd;Holy See (Vatican City State);Jerry Cochran;6.0;1999
Castro-Cole;Mauritius;David Campbell;3.3;2009
Robinson, Conner and Orozco;Mauritius;Christopher Thompson;5.0;1995
Morales, Ramirez and Rivera;Cyprus;Angelica Buck;3.3;2005
Diaz Inc;Jersey;William Nguyen;8.9;1995
Logan-Craig;Costa Rica;Mrs. Allison Kline;6.4;1989
Hunter, Watson and Bradley;Cayman Islands;Anthony Blankenship;1.9;2011
Roberts-Marshall;Saint Vincent and the Grenadines;Alison Doyle;1.8;2004
Kaufman-Guerrero;Kenya;Elizabeth Cline;5.3;2017
Benson, Rodriguez and Garcia;United States Virgin Islands;Bradley Nguyen;2.3;1981
Morton-Choi;Dominica;Karen Johnson;7.5;1981
Mcdaniel-Sanchez;Cuba;Christine Stewart;4.9;1999
Rush-Anderson;Spain;Zachary Bowen;9.6;1990
Miller, Vasquez and Roberts;Northern Mariana Islands;Pamela Benton;4.4;1990
Cuevas, Booker and Hall;Cyprus;Russell Blair;4.8;2017
Roberts and Sons;Honduras;Shelby James;8.8;1972
Jones-Valdez;Germany;Evelyn Short;3.3;1990
Williamson PLC;Macedonia;Megan Ross;7.4;2020
Garcia LLC;Bangladesh;Jeffrey Ruiz;1.1;1978
Wyatt-Yates;Angola;Brandon Ortiz;2.8;2017
Hodges and Sons;Nauru;Gabriel Green;8.3;1977
Lindsey, Diaz and Williams;Nauru;Steven Phelps;6.9;2002
May-Knight;Qatar;Jeff Williams;4.4;1997
Ross, Ramirez and Mcclain;Bahrain;Ashley Phillips;9.7;1988
Rodriguez-Adams;Cuba;Linda Perkins;4.7;2017
Cooper Group;Japan;Jamie Sanders;9.5;1974
Lewis PLC;Ukraine;Jonathan Hill;4.5;1986
Smith, Anderson and Cisneros;Cyprus;Terri Hopkins;1.5;1992
Hanna, Meyer and Armstrong;Belarus;Zachary Sanchez;4.0;1995
Wilson, Harvey and Rodriguez;Zimbabwe;Nichole Barber;5.0;1995
Whitney Group;Niue;Jonathan Jones;6.8;1993
Montgomery LLC;Croatia;Kelly Sanders PhD;9.6;2010
Hayes, Orr and Walls;Kyrgyz Republic;Laurie Underwood;8.7;1998
Anderson, Gomez and Murphy;Niger;Lori Soto;8.8;1996
Hamilton, Camacho and Erickson;Palestinian Territory;Julian Carroll;2.8;1971
Sutton-Charles;China;Cynthia Daniel;2.1;2007
Carter, Gonzalez and Welch;Eritrea;Lauren Williams;3.8;1973
Bowen, Griffin and Pope;Swaziland;Curtis Skinner;3.3;1973
Brown Ltd;Jersey;Kenneth Vance;5.8;2017
Mills-Burke;Austria;Debra Sullivan;2.6;2016
Avery-Oneal;Bahamas;Robert Russell;7.5;1973
Gilbert Ltd;Saint Pierre and Miquelon;Peter Bell;2.5;1977
Hernandez, Holt and Herrera;Iraq;Rachel Collins;3.9;2002
Adams, Morales and Hernandez;Bhutan;Mrs. Ashley Nelson;7.3;1993
Lynch, Ramirez and Hartman;Iraq;Karen Bryant;2.0;2022
Smith Inc;Serbia;Cassandra Kirby;3.6;1974
Gonzalez-Lee;Vanuatu;Robin Roberts;6.8;1989
Leach Group;Saint Lucia;Ashley Williams;1.3;2006
Ryan-Taylor;Germany;Megan Schwartz;7.5;2002
Glenn-Wise;Poland;Rita Smith;5.7;2004
Herman, Jones and Howell;Turkmenistan;Cindy Hernandez;4.1;1997
Gallagher and Sons;Dominica;Laura Jones;6.8;2018
Durham Group;United States Virgin Islands;Stephen Guerrero;8.0;2008
Olson-Lindsey;Nauru;Hannah Rangel;5.6;2014
Simon-Leblanc;Syrian Arab Republic;Nicolas Hicks;2.8;2003
Bell-Roberts;Turkey;Paul Brock;1.5;1985
Ramirez Group;Central African Republic;Karina Hoffman;8.8;2019
Burke-Alvarado;Saint Martin;Debbie Ryan;9.1;2012
Osborne and Sons;Suriname;John Mcdaniel;4.4;1973
Sanchez, Gray and Washington;Ireland;Beverly Rose;8.7;1999
Huang-Graham;Uganda;Emily West;9.9;1978
Chaney-Valentine;Micronesia;Thomas Rogers;1.8;2015
Harrington, Brown and Mills;Saint Lucia;Mary Massey;4.6;1980
Hernandez-Bennett;Samoa;Angel Osborn;1.1;1986
Jones, Edwards and Doyle;Sao Tome and Principe;Alexis Mullins;6.6;2009
Perez, Phillips and Shaw;Kyrgyz Republic;Anna Rivera;5.8;2001
Schwartz-Jordan;Congo;Brad Fry;2.6;2013
Smith, White and Eaton;Indonesia;Michael Nguyen;5.3;1976
Arroyo, Gray and Murphy;Qatar;Alicia Ellis;6.1;1984
Rodriguez Group;British Indian Ocean Territory (Chagos Archipelago);Sherry Smith;3.7;1978
Daniel PLC;Cameroon;Laura Mcgee;3.4;2015
Kirk-Baker;Faroe Islands;Francisco Garcia;9.4;2000
Rosario, Gordon and Hendricks;Papua New Guinea;Kevin Perkins;7.6;2004
Cain, Craig and Barnett;Equatorial Guinea;John Vasquez;3.5;2010
Murphy, Chase and Eaton;Marshall Islands;Jason Hendricks PhD;7.3;1991
Brooks-Hayes;Chad;Danielle Williams;9.4;1992
Hawkins Inc;Guinea;Lisa Moreno;3.7;2007
Myers-Scott;New Caledonia;Sarah Harrison;9.4;1978
Anderson, Bauer and Cross;Norfolk Island;Michael Frank;5.2;1980
Pacheco-Conrad;Swaziland;Samantha Oconnor MD;2.4;2001
Murray PLC;Romania;Mary Wise;3.3;1993
Parsons-Jackson;Ecuador;Jeffrey Wells;3.3;1970
Rogers, Stevens and Johnson;Guernsey;Stephen Edwards;3.2;1993
Hernandez, Weber and Johnson;Reunion;Becky Allen;1.1;2003
Ibarra-Wright;Congo;Sara Smith;6.8;1992
Smith, Jones and Zuniga;Saint Helena;Gene Walker;3.7;2015
Stephenson, Barnes and Jacobs;Seychelles;Robert Anderson;6.0;1970
Jackson, Smith and Hawkins;Estonia;Keith Gilbert;7.4;1998
Freeman-Perkins;Myanmar;Tammy Suarez;4.7;2003
Green LLC;Netherlands Antilles;Joseph Pearson;6.5;1973
Jenkins Inc;Malaysia;William Reid;8.5;1977
Edwards-Anderson;Bahrain;Emily Byrd;3.1;2013
Williams, Stephens and Andrews;Pakistan;Jenna Calderon;7.6;1979
Jackson, Abbott and Sullivan;Georgia;Derek Stephens;7.0;2010
Mckenzie-Richardson;Uganda;Michael Stewart;3.0;2013
Meyer and Sons;Syrian Arab Republic;Rhonda Randolph;1.8;2014
Jackson-Chan;Malta;Robert Mills;9.6;2019
Singh, Brown and Hubbard;Andorra;Ashley Stone;1.9;1994
Schmitt, Morgan and Harvey;Western Sahara;Mary Smith;5.2;1979
Reynolds-Ortiz;Guyana;Russell Stewart;5.3;2000
Bishop, Mercer and Brooks;Northern Mariana Islands;John Carr;3.3;2004
Mahoney Inc;Cook Islands;Tiffany Brown;7.2;2010
Robinson-Wood;Andorra;Ryan Boyd;3.9;1997
Arnold, Fisher and Larson;Micronesia;Miss Jessica Johnson;8.4;2013
Fowler Inc;Cambodia;Laura Miller;4.8;1985
Banks-White;Germany;Melissa Perry;6.3;1999
Powell, Ayala and Miller;Tanzania;Jason Jenkins;3.6;2018
Brown-Glover;Guam;Brenda Frank;3.4;1981
Goodman-Hess;Romania;Dawn Henry;9.5;2004
Gilbert-Munoz;United Kingdom;Maria Thompson;1.5;1972
Brown, Russell and Phelps;Holy See (Vatican City State);Gary Hensley;2.5;2000
Salazar-Cline;Tunisia;Christopher Bruce;9.6;2005
Lawson-Gibson;Congo;Nicholas Raymond;4.6;1981
Fox-Weiss;Afghanistan;Stephen Wallace;7.5;1978
Craig, Davies and Morrow;Mauritania;Erin Hartman;1.2;2012
Johnson Inc;Uganda;Eddie Gutierrez;4.1;1978
Herring Inc;Grenada;Megan Mccarty;2.4;1980
Barnes Group;Lebanon;Megan Goodman;7.6;2003
Chen, Wagner and Ramirez;Botswana;Grant Horn;7.2;1993
Mcpherson LLC;New Zealand;Matthew Wilson;1.8;1979
Wilson-Miller;Qatar;Allison Ramirez;4.0;1993
Wall-Davis;Georgia;Theresa Mejia;9.2;1998
Morris, Black and Duke;Marshall Islands;Nicolas Skinner;6.6;2021
Greene, Ramos and Howell;Uzbekistan;Caleb Hall;5.6;2016
Lawson-Griffin;Solomon Islands;Ashley Jones;9.2;2020
Martin-Simon;Benin;Brett Mora;7.8;1994
Glover-Williams;Liberia;Tracy Curtis;2.4;2001
Nelson-Mitchell;Togo;Emily Martinez;8.9;2017
Leon-Martin;Austria;Darrell Hanson;8.1;1972
Hoffman-Palmer;Bulgaria;Vincent Marshall;4.1;1971
Barr-Allen;Vietnam;Elizabeth Smith;8.1;2006
West, Snyder and Smith;Brunei Darussalam;Rachel Hall;1.9;2022
Stafford PLC;Sri Lanka;Nicole Alvarez;1.5;2013
Norris-Livingston;Palau;Margaret Moon;2.6;1974
Roberts-Valentine;Greenland;Edward Turner;5.6;2006
Perez, Wilson and Duncan;United States Virgin Islands;Stephen Cummings;4.5;2004
Wagner-Oneill;Ireland;Rhonda Townsend;2.0;1970
Stewart, West and King;Italy;Chelsea Whitehead;6.6;2017
Rogers-Jenkins;New Caledonia;Lori Alvarado;5.4;2013
Watson and Sons;Holy See (Vatican City State);Michelle Michael;6.1;1994
Hampton, Carpenter and Armstrong;United Arab Emirates;Ruth Mcintosh;6.1;2007
West and Sons;Kiribati;Sandy Gutierrez;2.6;1984
Vaughn, Mitchell and Cannon;Eritrea;Ryan Davis;4.8;1972
Davis, Williams and Perry;Kuwait;Cassidy Kirk;9.5;2022
Hess, Phelps and Hansen;Macao;Lauren Alexander;7.4;1973
Rowe, Rubio and Patterson;Armenia;John Esparza;1.1;2008
Flores Ltd;United States Virgin Islands;Theresa Sutton;9.4;2012
Wolf-English;Mozambique;Darlene Lee;5.6;2020
Kane-Young;Liberia;Joshua Wheeler;3.1;2012
Wright-Barnes;Malaysia;Joseph Rowland;9.3;2007
Pearson, Schmitt and Chapman;Chile;Phillip Ayala;3.9;1988
Aguirre-Kelly;Antarctica (the territory South of 60 deg S);Sean Hall;4.4;1979
Harrington-White;Burundi;Lisa Holland;7.4;2002
Abbott, Mejia and Jordan;Tuvalu;Mark Young;8.0;2015
Miller-Rosales;Mali;Amanda Hogan;1.9;2012
Lozano LLC;Argentina;Brian Thompson;8.1;1987
Herrera-Hayden;Antigua and Barbuda;Ashley Jimenez;7.6;1995
Singleton-Velasquez;Kyrgyz Republic;Andrea Vasquez;8.5;2002
Washington PLC;Uruguay;Michelle Caldwell;4.4;1986
Woods, Hernandez and Cline;Niger;Robert Wilkins;4.8;1972
Allen PLC;Montenegro;Samuel Watts;7.9;2014
Dixon PLC;Sudan;Betty Johnson;7.9;2019
Baker-Berry;Mali;Brian Padilla;9.6;1979
Randall, Evans and Thompson;Spain;Bruce Alexander;6.0;1984
Beasley-Snyder;Mauritania;Evan Watts;7.0;1997
Taylor, Ramos and Fuentes;Lebanon;Nicole Adams;9.1;2005
Russell, Baker and Jones;Tajikistan;Michael Bennett;1.5;2009
Warner Group;Western Sahara;Carolyn Carter;2.3;1978
Watson, Ross and Edwards;Northern Mariana Islands;Brandon Moore;7.4;1978
Shaw-Davis;Niue;Scott Williams;3.8;2016
Martin Ltd;Holy See (Vatican City State);Grace Jones MD;7.1;1979
Clements-Gonzalez;Ireland;Danielle Sims;3.7;2022
Zuniga-Lin;Vanuatu;Sherry Harrison;3.1;1970
Ayers-Rivera;Senegal;Eric Rodriguez;3.0;1994
Sims-Baker;Tunisia;Stephanie Pollard;4.0;1998
Robinson-Mills;Greece;Jennifer Ferguson;5.0;1976
Schultz-Martin;Somalia;Edward Wright;8.5;2003
Olson-Taylor;Guyana;Rachel Ramirez MD;5.5;2004
Kelly-Singleton;Kyrgyz Republic;Karen Jackson;6.5;1997
Knight, Swanson and Ellis;Saint Martin;Patricia Cooper;5.9;1991
Hinton, Martinez and Stanley;Kuwait;Michael Myers;4.8;2019
Mahoney, Smith and Page;Barbados;Jennifer Hill;6.9;1996
Ray-Green;Northern Mariana Islands;Daniel Fletcher;1.8;1974
Weber, Kelly and Williams;Eritrea;Johnny Gonzalez;4.9;1997
Keller-Galvan;Sweden;Jacob Lopez;1.0;1993
Boyd, Alvarez and Moses;Singapore;Christopher Davila;5.7;1998
Savage-Day;Qatar;Alexis Odom;6.6;2001
Franco-Benitez;Tuvalu;Matthew Thompson;7.1;2018
Lopez, Anderson and Jones;Anguilla;Cheryl Adams;7.2;1981
Marshall, Edwards and Hines;French Polynesia;Frank Wood;8.4;1981
Gonzalez Inc;Turks and Caicos Islands;Justin Brown;9.3;2020
Murillo, Castillo and Johnson;Maldives;Richard Medina;3.3;2003
Rodriguez, Sims and Curry;Colombia;Jacob Rice;9.7;2000
Rush-Caldwell;Tunisia;Andrew Bryant;8.5;2009
Francis-Chang;Papua New Guinea;Kimberly Jones MD;9.9;1992
Ortega PLC;Somalia;Hannah Murray;4.9;1980
Walker, Williams and Cole;Azerbaijan;Patrick Long;6.9;2022
Harris-Avery;Anguilla;Brittany Ellis;7.3;2020
Calhoun-Dixon;Malaysia;Daniel Davis;3.2;1976
Phillips and Sons;American Samoa;Nicholas Reyes;7.2;1980
Watkins-Leon;Switzerland;Kelly Johnson;1.3;2000
Diaz-Gutierrez;Cuba;Alexandra Valdez;3.1;2005
Ho, Pollard and Stewart;Peru;Brandon Robertson;3.8;2007
Blanchard, Boyle and Castillo;Afghanistan;Mr. Mark Christian;6.2;1971
Myers, Woodard and Davidson;Bosnia and Herzegovina;Kristina Gonzalez;3.6;1972
Silva, Sanchez and Moss;Timor-Leste;Roger Henry;5.8;1986
Carrillo Group;Saint Helena;Charles Moore;2.8;2006
Martin, James and Raymond;Samoa;John Scott;6.1;2007
Bullock LLC;Marshall Islands;Alex Moore;4.2;2005
Brown, Cook and Watson;Fiji;Erik Marsh;2.6;2012
Hoffman-Chase;Mauritius;Robert Robinson;3.5;2002
Hunter, Moore and Richardson;Montserrat;Rachel Morgan;10.0;2009
Sharp, Sanchez and Stevens;Tokelau;Crystal Aguirre;5.1;1987
Henry, Brown and Davis;Pakistan;Jordan Miller;7.9;2019
Arnold, Kelly and Rodriguez;Djibouti;Donald Hammond;8.8;1999
Allen-Webster;Cape Verde;Austin Duarte;7.6;2018
Barber-Riley;Christmas Island;Bradley Franklin;8.8;2003
Burns LLC;Mongolia;Christopher Roberts;7.6;1973
Frost LLC;Bhutan;Savannah Tucker;6.5;1992
Foster, Foster and Brown;Hungary;Debbie Espinoza;2.9;2010
Serrano, Navarro and Mason;Greece;Denise Mendez;9.5;1977
Powers-Johnson;Australia;Matthew Ramirez;8.1;1972
Garcia and Sons;Colombia;William Shaffer;9.6;2016
Ibarra Group;Botswana;Christina Townsend;5.4;2009
Miller, Bryant and Osborne;Saint Vincent and the Grenadines;Kimberly Lawrence;5.6;1980
Smith-Jackson;Solomon Islands;Nina Moore;8.5;1999
Ramirez-Bush;Congo;Madeline Adams;9.2;1977
Nguyen and Sons;Angola;Angel Perez;7.6;2009
Kelley, Lewis and Paul;Cameroon;Virginia Brooks;3.6;1978
Christensen, Payne and Bishop;Cyprus;Laurie Drake;6.9;2017
Mccarty, Valenzuela and Lopez;Germany;Zachary Day;7.4;1976
Santiago and Sons;Singapore;Ashley Andrews;5.0;1975
Palmer, Cook and Burke;Czech Republic;Alan Singh;4.5;2022
Barber-Sawyer;Burkina Faso;Ashley Myers;6.6;1989
Long LLC;Israel;David Bruce;4.8;1992
Beck-Allen;Panama;Megan Gonzalez;2.5;1994
Smith Ltd;Monaco;Keith Levy;6.8;2017
Mendoza, Klein and Rodriguez;Denmark;Michelle Becker;5.3;2018
Li, Villegas and Stark;British Virgin Islands;Alexander Wilson;2.0;1990
Taylor, Reed and Bender;Guyana;Stephanie Brown;6.2;1985
Ramsey Ltd;Malawi;Allen Collins;7.2;2009
Cox, Ramirez and Fox;Cook Islands;Devin Ross;5.5;2017
Barron Ltd;Jersey;Nathan Davis;1.3;1981
Fletcher Group;British Virgin Islands;Dr. Kathy Thompson;2.0;2006
Robbins-Little;Iraq;Brett Moody;2.8;1977
Jordan-Brown;Burkina Faso;Erin Mueller;2.9;1976
Kirby, Fernandez and Ramos;Armenia;Karina Taylor;8.5;2007
Shelton Inc;Eritrea;Dale Rose;1.4;1989
Davis-Berry;United Arab Emirates;Scott Cross;4.6;1977
Mccoy Ltd;Niue;Stephanie Elliott;5.1;2019
Wright, Smith and Williams;Turkmenistan;James Harris;7.0;2015
Hancock, Anderson and Miller;Costa Rica;Jamie Richardson;9.5;2010
Davis, Howard and Coleman;France;Timothy Wong Jr.;4.7;2003
Jackson-Best;Iran;Kyle Mccarthy;2.4;1981
Wright Group;Angola;Michael Vasquez;4.0;2010
Barrett, Reyes and Harvey;Anguilla;Denise Smith;7.8;1996
Martin-Francis;Haiti;Patrick Simmons;4.5;1999
Gonzalez and Sons;British Indian Ocean Territory (Chagos Archipelago);Nicholas Johnson;8.1;2012
Johnson, Tran and Moreno;Tunisia;Sandra Buck;8.1;2012
Cook, Flynn and Cruz;United States Virgin Islands;Elizabeth Sellers;7.6;2016
Hill-Norris;United States Virgin Islands;Emily Farrell;3.7;2021
Estrada-Perez;Qatar;George Richardson;2.8;1988
Benson-Gibson;Tunisia;Russell Finley;7.5;1980
Giles PLC;Malaysia;Charles Reid;9.0;2008
Kim Inc;Solomon Islands;Maurice Walter;3.2;1998
Small, Franco and Parker;British Indian Ocean Territory (Chagos Archipelago);Jennifer Cole;8.5;1999
Baker, Jensen and Simpson;Ireland;Amy Carter;8.3;2000
Holt-Shannon;Zimbabwe;Lindsey George;4.9;1996
Robertson Inc;Ecuador;Michael Sutton;5.0;2017
Arellano, Vincent and Crawford;Ukraine;Joseph Day;9.7;1990
Krueger, Strickland and Baldwin;Macao;Paul Bowen;6.4;2022
Hanson PLC;Central African Republic;Vanessa Singleton;7.7;2019
Smith-Nolan;Tokelau;Sharon Johnson;9.0;1976
Hopkins Inc;China;Heather Ortega;3.2;1987
Vargas-Allen;Dominica;Ronald Johnson;4.0;2021
Brown-Schultz;Kazakhstan;Robert Knight;4.8;2005
Shaw LLC;Tuvalu;Brandon Christian;2.4;1981
Garcia, Vargas and Bush;French Guiana;Kathleen Horton;7.9;1993
Wilson, Mason and Carter;Guatemala;Brandon Johnson;2.4;2011
Hubbard-Willis;Montenegro;Cody Meadows;2.2;2007
Dixon Ltd;Bouvet Island (Bouvetoya);Jack Weber;4.9;1993
Scott, Mejia and Howell;Rwanda;Ruth Nelson;6.8;1986
Pruitt, Reid and Griffith;Azerbaijan;Jessica George;4.2;2005
Snow-Williams;Norfolk Island;Mark Jenkins;1.7;1987
Humphrey, Dixon and Hayes;Saint Kitts and Nevis;Ashley Davis;3.5;2008
Calhoun, Schroeder and Carlson;Ireland;Jeffrey Kirk;3.8;1998
Bolton, Fry and Wood;Belize;Antonio Bruce;6.6;2013
Wilson Group;Andorra;Travis Brown;4.8;1995
Patel PLC;Cuba;Bobby Thomas;8.3;1978
Hanson Ltd;Kazakhstan;Michael Randall;4.8;2006
Adams-Brown;Switzerland;Mary Glenn DDS;1.1;1975
Burns and Sons;Ghana;Jessica Mcdaniel;8.8;1997
Bell Inc;Georgia;Christopher Oliver;9.5;1991
Garrett, Guerrero and May;Serbia;William Williams;3.2;1970
Smith-Rodriguez;British Indian Ocean Territory (Chagos Archipelago);Kimberly Walls;6.9;2014
Hatfield-Estrada;Costa Rica;Danielle Hall;6.6;2004
Johnson PLC;Norfolk Island;Michael Wilson;2.1;2007
Lee Inc;Tanzania;Cassandra Golden;3.1;2017
Wolf-Marshall;French Polynesia;Cindy Jacobs;7.6;1978
Williams, Gill and Beasley;Tonga;Sean Scott;7.9;1986
Long-Carpenter;Kiribati;Jay Martin;1.5;1971
Lopez, Dean and Villarreal;Lebanon;Karen Rivas;5.6;2012
Steele-Wilson;Suriname;Teresa Garner;7.1;1995
Booth Inc;Cayman Islands;Patricia Jackson;1.3;1979
Walker PLC;Sweden;Jennifer Wilson;3.1;1987
Roman-Griffin;Central African Republic;Michael Villarreal;7.6;2019
Williams-Brown;Chile;John Andrade;2.7;2009
Chapman LLC;Russian Federation;David Davis;9.3;2004
Myers, Henry and Spencer;Cyprus;Joseph Gilbert;8.7;2021
Palmer, Logan and Hanson;Congo;Sara Smith;9.5;2008
Stokes, Silva and Browning;Wallis and Futuna;Eric Thomas;5.3;1991
Murray and Sons;Brazil;Susan Miller;9.4;1996
Davis Group;Bouvet Island (Bouvetoya);Tammy Ford;4.2;1979
Evans and Sons;Uzbekistan;Lindsey Gutierrez;7.7;1998
Carroll-Martin;India;Timothy Pena;7.2;2017
Cameron Group;Uganda;Ashley Mcconnell;8.4;2008
Shepherd, Santos and Brown;Burkina Faso;Brenda Griffin;8.1;1976
Johnson-Flynn;Palestinian Territory;Daniel Rhodes;6.2;2018
Hayden, Hunter and Brooks;Isle of Man;Destiny Reyes;5.0;1993
Fletcher, Lopez and Moore;Niger;Linda Thomas;1.1;1997
Carpenter, Rocha and Wilson;France;Jason Hall;4.4;2006
Cook, Abbott and Fisher;Pakistan;Andrew Price;7.6;1976
Banks and Sons;Saint Kitts and Nevis;Ray Bailey;2.9;1984
Ballard, Horne and Brown;Iceland;Jack Lewis;8.8;1993
Willis-Rodriguez;Guinea;Nicholas Mendoza;4.1;1970
Hogan, Lopez and Hawkins;Anguilla;Chad Martin;6.1;1976
Rivers, Wolfe and Anderson;Guadeloupe;Eric Jennings;1.2;1994
Williams, Jones and Bass;Netherlands;Michaela Bird;2.5;1982
Bright-Cunningham;Cape Verde;Angela Marshall;6.8;2013
Chapman-Sheppard;Central African Republic;Lynn Owens;2.3;1994
Smith, Knight and Smith;Montenegro;David Johnston;2.6;1977
Mcfarland-Henderson;French Guiana;Kelly Mercer;7.0;1997
Macdonald-Perez;Papua New Guinea;Reginald Matthews;1.3;1971
Burns-Benson;Thailand;James Lopez;4.3;1991
Brown-Jones;Aruba;Calvin Gallagher;2.0;1994
Jacobson Group;Indonesia;Angela Martinez;7.7;2010
Winters-Roberts;Bolivia;Sandra Robinson;1.5;1981
Davis, Fields and Jackson;Guinea-Bissau;Kristen Miller;2.4;1979
Sullivan-Green;Marshall Islands;Chad Norris;2.4;1983
Harrington-Foster;Belgium;Angela Forbes;3.8;1973
Rodriguez, Nicholson and Taylor;British Indian Ocean Territory (Chagos Archipelago);John Robertson;5.6;1982
Walters Group;Western Sahara;Mark Johnson;2.0;1972
Richards PLC;New Caledonia;Robin Terrell;7.8;1971
Sullivan-Barber;South Africa;Brittany Johnston;9.5;2015
White, Scott and Oneill;Jersey;Wanda Reyes;9.5;1973
Garcia, Randolph and Moyer;Cayman Islands;Jason Wyatt;2.1;2010
Sawyer and Sons;United Kingdom;John Gibbs;8.1;1998
Williams PLC;Dominican Republic;Marc Sparks;4.3;2018
Williams-Scott;Namibia;Henry Reed;3.1;2015
Wilson-Wright;Luxembourg;Charles Bautista;7.3;1975
Allen Ltd;United Kingdom;Benjamin Bryant;1.8;1995
Davis, Hernandez and Craig;Congo;Candace Peterson;3.7;1998
Beck, Adams and Rosales;Brazil;Christopher Hill;1.4;2011
Simmons-Payne;Spain;Kimberly Dyer;9.7;1999
Keller PLC;Turkmenistan;Regina Armstrong;8.5;2022
Mullins, Tyler and Bell;Bulgaria;Anna Duncan;5.1;2008
Jones, Curry and Steele;Cuba;Catherine Johnson;2.2;2012
Hawkins-Murphy;Jamaica;Steven Taylor;2.7;1988
Burch LLC;Bulgaria;Ryan Young;4.0;2018
Collins Inc;Holy See (Vatican City State);Zachary Walker;1.5;1978
Lewis and Sons;Iraq;Adam Mclaughlin;4.4;2021
Cervantes-Cameron;Guadeloupe;Danielle Martin;3.0;1990
Williamson-Howe;South Georgia and the South Sandwich Islands;James Joseph;6.4;2004
Henderson Ltd;Kiribati;Frederick Schneider;5.5;1981
Adams, Martinez and Carter;Gibraltar;Kenneth Riddle;6.8;2008
Hill, Cole and Smith;Malawi;Anne Evans;2.4;1989
Vega LLC;Anguilla;Brian Cook;2.5;1997
Palmer-Edwards;Kyrgyz Republic;Richard Wolf;8.0;1981
Hamilton-Schroeder;Botswana;Kyle Ramos;7.4;1983
Cunningham Ltd;Seychelles;Brian Jones;1.3;1970
Nichols-Mendoza;Andorra;Robert Lawson;9.1;1974
Moore LLC;Kiribati;Rachel Cole;8.8;2006
Bradley PLC;Holy See (Vatican City State);Tracy Martin;5.9;2018
Collins-Anderson;Saint Lucia;Joshua Becker;7.1;1987
Frazier-Pugh;Tokelau;Crystal Nelson;1.2;1998
Pena PLC;Burundi;Michael Murphy;7.6;1988
Griffin, Buchanan and Payne;Botswana;Madison Zhang;4.7;1982
Hill PLC;United Kingdom;Nicole Lopez;3.2;1974
Garcia-Smith;Tajikistan;John Diaz;2.8;1978
Lara Inc;Trinidad and Tobago;Linda Monroe;9.1;2021
Hicks Inc;Bangladesh;Jeffrey Mendoza;4.0;1972
Wells-Lam;Eritrea;Brandi Cruz;3.1;2008
Lee, Webb and Clark;Bahamas;Jason Mcintyre;5.6;2007
Valencia-Carey;Cayman Islands;Todd Wong;5.8;1986
Gregory and Sons;Papua New Guinea;Sarah West;9.9;2000
Todd Ltd;Dominica;Joe Graham;4.7;2000
Jones-Williams;Paraguay;Andrew Robinson;5.4;1972
Bush, Lopez and Rush;Russian Federation;Daniel Wyatt;6.9;1989
Green, Thomas and Bell;Lebanon;Joshua Davis;2.9;2004
Smith-Ryan;Luxembourg;Jessica Newman;3.1;2004
Morales and Sons;Myanmar;Sarah Stuart;5.3;1995
Buckley, Carroll and Tucker;Turkmenistan;Ana Golden;1.7;1990
Hoover Ltd;Angola;Wayne Wilson;5.0;1990
Mathews LLC;Thailand;Margaret Miller;1.6;1982
Wilson, Pope and Hoffman;Serbia;Melissa Bryant;4.0;1994
Ramirez LLC;British Indian Ocean Territory (Chagos Archipelago);Michael Miller;3.2;1992
Green, West and Paul;Ecuador;Christopher Reyes;9.8;1997
Fields-Silva;Dominica;Shane Martinez MD;2.0;1977
Moore and Sons;Eritrea;Adam Lopez II;7.9;1978
Rodriguez, Rogers and Clark;Central African Republic;Christian Griffith MD;5.9;1988
Ross, Pena and Schultz;Jamaica;Mark Walker;4.3;1999
Freeman, Hebert and Smith;Benin;Andrew Austin;9.2;1980
Reid, Schaefer and Greer;Saint Lucia;Brenda Summers;2.7;2008
Hawkins, Jefferson and Moss;Saint Barthelemy;Tasha Brown;6.6;1976
Kent-Larson;Sri Lanka;Lauren Crawford;6.4;1993
Jenkins-Rivera;Gibraltar;Patricia Harris;2.0;1981
Saunders, Rosales and Liu;Zambia;Krista Kim;6.9;1979
Rodriguez, Holt and Washington;Malaysia;Taylor Patrick;5.2;1984
Rangel, Adkins and Davenport;Tajikistan;Jennifer Walters;3.1;2008
Colon-Scott;Ecuador;Juan Fields;5.4;2001
Gonzalez-Wright;Serbia;Daniel Thomas;1.4;1974
Martinez-Olsen;Mauritius;Kayla Walters;1.6;1970
Smith LLC;Thailand;Angela Morgan;6.6;1986
Mitchell, Smith and Chandler;Sweden;Allison Hunter;7.6;1971
White, Schneider and Ross;Egypt;Cody Barber;6.9;1971
Hobbs-Simon;Bahamas;David Rocha;6.6;2008
Turner, Walsh and Dunn;Maldives;Grant Hendricks;5.9;2015
Johnson, Chaney and Bailey;Saudi Arabia;Eric Carter;4.2;2009
Flowers Inc;Solomon Islands;Kimberly English;1.8;2017
Baker-Watson;United Arab Emirates;Whitney Moreno;3.9;2001
Martin-Ryan;New Zealand;Alicia Wallace;3.3;1972
Green-Martin;Indonesia;Abigail Morgan;7.8;1974
Williams-Gonzalez;Montserrat;Robert Johnson;3.0;2016
Sawyer, Burton and Ware;Puerto Rico;Lucas Padilla;5.2;2002
Lee, Williamson and Carter;Oman;Michael Waters;9.0;2018
Carter-Howard;Guam;Steven Brown;2.5;1987
Scott-Bradley;Netherlands;Sheila Reilly;9.2;2009
Schneider Inc;Timor-Leste;Jason Brennan;2.8;1993
Bray, Brown and Grimes;Montserrat;Tamara Ewing;2.3;1974
Nichols, Williams and Greene;Uzbekistan;Paula Chen;7.2;1970
Elliott, Hickman and Stephens;Luxembourg;John Johnson;4.9;2008
Zuniga-Rodriguez;Congo;Cindy Fowler;8.1;2022
Morgan-Vega;Comoros;Monica Calderon;8.6;2017
Long PLC;Guernsey;Sarah Mathis;6.2;1974
Stephenson-White;Denmark;Vicki Reyes;5.9;1976
Maynard Ltd;Micronesia;Eric Mason;5.6;2019
Vega, Ponce and Harrell;Yemen;Amy Lopez;7.4;2020
Berry, Hawkins and Aguilar;Macedonia;James Evans;9.6;1991
Reynolds Group;China;Anne Coleman;1.5;1977
Andersen-Martin;Philippines;Timothy Roman;3.0;2012
Baird Inc;Germany;Andrew Martin;2.4;1974
Larson-Thomas;Ghana;Kristen Kent;3.6;2008
Fox Ltd;Lebanon;James Morgan;3.1;1989
Wells and Sons;Israel;Shannon Palmer;7.8;2022
Silva-Stewart;Antigua and Barbuda;Tracy Montoya;10.0;1976
Mason PLC;Reunion;Nicole Murphy;5.6;1976
Gordon-Love;Zambia;Christina Griffith;4.8;1993
Moore, Martinez and Wade;Cape Verde;Paul Bass;6.8;1979
Fernandez PLC;Guadeloupe;Brandon Walsh;2.3;1992
Peterson-Caldwell;Costa Rica;Stephen Newton;9.2;1996
Olson-Stewart;Gambia;Lynn Hernandez;2.4;1974
Gilmore Group;Lebanon;Kathy Miranda;6.3;1990
Rodriguez, Francis and Carrillo;New Caledonia;Thomas Elliott;4.4;1970
Wilson-Burke;Latvia;Gregg Dominguez;5.8;2005
Brooks Group;Holy See (Vatican City State);Jamie Rodriguez;7.8;2007
Duncan, Mcgee and Tran;Mexico;Dr. Jennifer Mccoy;7.4;2002
Cook-Walker;Cayman Islands;Caitlin George;8.3;1990
Daniels Ltd;Sierra Leone;Christopher Wheeler;3.7;2012
Tran-Smith;Zambia;Lori Travis;3.0;1994
Lee-Kennedy;Algeria;Richard Cruz MD;2.6;1971
Hodges Ltd;Mayotte;Anita Hart;1.4;1992
Kim, Butler and Austin;Samoa;Angela Wall;8.7;2019
Calhoun, Cooper and Rios;Serbia;Alexa Taylor;9.6;2000
Bradley-Casey;Namibia;Julie Simpson;6.9;1999
Bell-Valdez;Bermuda;Thomas Ruiz;9.8;1990
Weiss, Campbell and Flowers;Libyan Arab Jamahiriya;David Martin;3.2;2013
Walter, Strong and Thomas;United States of America;Alicia Fleming;4.9;1970
Campbell-Hall;France;Terry Bennett;7.7;2003
Johnson, Patterson and Brown;United States Minor Outlying Islands;Ashley Lewis;8.0;1972
Malone Group;Solomon Islands;Sean Ayers;3.5;1998
Walter-Bryant;Guyana;Luke Jones;3.2;2021
Williams, Smith and Wilkins;Cuba;Ricky Myers;4.1;1983
Schmitt, Chapman and White;Tokelau;Jacob Walton;8.0;2016
Dougherty LLC;Denmark;Larry Wallace;8.2;1973
Wang-Brown;French Polynesia;Howard King;4.5;2022
Hobbs-Newton;Finland;Scott Maxwell;9.0;2008
Martin, Garcia and Simpson;Mali;Daniel Pope;1.2;1981
Banks, Miller and Monroe;Fiji;Melissa Daniels;6.2;2013
Delgado-Carpenter;Panama;Kathleen Norman;9.9;2003
Barrera-Brown;Cambodia;Albert Collins;6.3;2008
Parker Inc;Moldova;Michael Aguilar;5.3;2019
Delgado Inc;Palau;Roy Diaz;1.4;2016
Frazier-Leonard;Finland;Lindsay Dudley;2.3;1999
Allen-Garcia;Georgia;Krista Ayala;9.9;1982
Lee, Martin and Castro;United States Minor Outlying Islands;Sarah Murphy;4.3;1999
Wilson-Rivera;Burkina Faso;Justin Pratt;1.3;2019
Russell-Curtis;Papua New Guinea;Brian Mora;5.0;2001
Jones LLC;Andorra;Erica Mcdowell;9.9;1987
Glover Group;Cyprus;Rachel Sharp;9.9;1975
Williams, Monroe and Brown;Heard Island and McDonald Islands;Phillip Kelly;2.6;1992
Stanley Ltd;Chile;Margaret Horne;5.5;2007
Ford and Sons;Albania;Kelly Beck;5.9;2021
George-Bailey;Christmas Island;Rachel Jennings;1.5;2021
Arnold PLC;Paraguay;Kevin Moore;6.0;1972
Price LLC;American Samoa;Jacob Parker;5.0;1998
Jordan and Sons;Rwanda;Thomas Reynolds;7.5;2003
Johns, Lewis and Wood;China;Linda Mendoza;4.9;2007
Hayes-Frazier;Equatorial Guinea;Heather Wright;2.2;2012
Moran-Garcia;Falkland Islands (Malvinas);Bruce Higgins;4.1;1997
Mcdonald-Decker;Hungary;Michelle Green DDS;6.7;2005
Hernandez, Thomas and Smith;China;Jared Hamilton;3.2;1987
Green Group;Libyan Arab Jamahiriya;Kimberly Lynch;1.1;1999
Casey-Horn;Guinea-Bissau;Bridget Johnson;2.4;2022
Phillips, Lopez and Quinn;French Southern Territories;Laurie Campbell;8.5;1985
Carson-Harris;Monaco;Dylan Bush;1.4;1997
Norris-Hughes;Armenia;Vanessa Harvey;6.9;2022
Hinton LLC;Guyana;Regina Goodman;7.0;2006
Flores Group;Togo;Jillian Rocha;7.4;1974
Hughes-Weiss;Cambodia;Nicole Atkins;8.7;2001
Miles and Sons;Zimbabwe;Jeffrey Carter;9.5;1975
Foster, Gray and Collier;Cambodia;David Jordan;7.7;1972
Schultz, Lopez and Carlson;Netherlands Antilles;Suzanne Garza;5.0;1987
Savage-Woodard;Liechtenstein;Jasmine Richards;6.4;1980
Roberts, Fischer and Gonzalez;Sierra Leone;Megan Bridges;1.8;1986
Vega, Gardner and Adams;Mauritania;Richard Mccarthy;5.5;2002
Thomas Ltd;Lebanon;Matthew Hebert;6.7;1996
Potter, Rice and Martinez;Antarctica (the territory South of 60 deg S);Miss Kim Watkins;7.1;2008
York PLC;Australia;Elizabeth Jacobs;6.5;1997
Baker, Vazquez and Estrada;Italy;Robert Beck;7.6;1989
