Live Try After,2014,181,176,128,9.4
Send Bank Southern,2002,514,483,94,1.8
Contain Education Develop,2011,907,118,60,4.1
Cause Event Response,2022,310,61,70,1.4
Among Day Program,1971,863,699,145,3.2
Theory Special Amount,1977,580,541,60,4.8
Wife Its Son,2000,891,99,97,8.5
Action According Hundred,2012,527,730,68,3.9
According Consumer Practice,2002,31,912,94,7.3
Where Summer Decade,2000,364,745,73,3.1
She Through Edge,1991,498,495,75,6.8
Speak Wife Right,1990,173,98,83,5.7
Chance Run Doctor,1987,579,960,137,1.8
Station Contain Everything,1975,360,763,76,9.1
Shake Budget Wish,2021,882,885,116,8.6
Relate Hospital Source,1997,724,291,71,1.6
Herself Kind Conference,2001,565,912,143,5.6
Him Standard Deep,2006,558,578,87,4.6
Kid None By,1999,291,832,75,1.7
Close Writer Arrive,2009,442,585,124,3.4
So Space Manager,1983,367,722,138,1.9
Billion Worry Thought,2008,412,502,109,4.4
White Campaign Least,2002,217,328,67,2.3
Painting Past Test,2015,58,248,149,8.6
Within Film Simple,2008,349,829,51,6.3
Rock Office Agreement,1981,839,918,135,8.2
Wrong Whether Sign,1982,684,521,66,2.0
Contain Fear Single,1998,474,890,99,7.6
Prepare Other Product,1986,822,929,63,4.5
Reduce Enjoy Together,1987,268,457,74,3.3
Add Job Talk,2013,744,988,131,6.0
See Prepare Billion,1971,660,132,84,9.1
Mrs Contain Value,2010,819,817,83,7.6
Piece System Thought,1996,919,708,91,4.2
Fine Sister Help,2008,304,134,143,4.0
Heart See Manage,1985,283,779,93,4.0
North Sell Several,1971,940,267,76,3.3
Word Case Everything,1996,79,477,54,5.1
Still Thing Long,1994,430,166,142,8.0
Operation Statement Keep,2006,756,799,56,1.3
Fast Us Because,2019,363,850,62,3.8
Season Consumer Design,2012,56,738,52,5.6
Certain Six Above,2012,101,428,144,8.3
Themselves Same Alone,2008,475,815,75,2.4
House Rise Situation,1986,83,445,110,9.9
Hospital Person Great,1980,38,52,138,8.6
Same Member News,1984,37,393,106,3.6
Bar Society Clearly,1987,703,339,69,4.5
Forward Teach Say,1991,54,688,68,2.2
Offer Responsibility Movie,1970,736,33,85,7.8
Hotel Base Prevent,1998,295,86,134,9.8
Air Answer Per,1986,103,480,86,8.8
Culture Surface Participant,2009,677,415,64,9.4
Just Report Challenge,2006,265,411,100,6.5
Responsibility Much Truth,2022,852,759,117,2.7
Network Church Drop,1980,240,894,55,1.6
Meeting Big Why,1979,916,352,125,6.6
Let Huge Article,2008,655,883,139,7.4
Effect Can Side,1985,751,174,108,8.0
Under Increase Rather,2001,193,141,107,8.5
Report System Explain,2001,980,604,139,8.9
Economy Step Human,1982,195,461,119,1.8
Small Director Compare,1971,677,307,97,2.7
Staff Yeah Strong,2005,827,745,105,6.5
Game Letter Myself,2017,343,666,74,3.5
Participant City Dream,1970,268,182,73,9.1
Including Sure Age,1996,488,989,149,8.4
Hotel It Site,2014,458,100,131,8.5
Long Add Common,1987,684,532,95,6.2
Chance Surface Clearly,1971,33,456,117,7.4
Arrive Five Study,1988,14,672,106,8.5
Happen Dog Daughter,2011,385,788,87,7.9
Risk Huge Teach,1983,252,693,89,6.3
Day Else Everyone,2011,913,546,134,5.8
Laugh Yet Nearly,1986,102,267,56,8.5
Believe Member House,2015,598,647,57,2.6
Change Company Sit,2008,786,997,99,5.2
Office Market Power,2013,74,806,141,2.0
Mouth Work Miss,2020,92,521,128,4.1
Memory Outside Single,2010,932,3,127,3.9
Each Enjoy Shake,1995,35,278,69,8.3
Should Despite Size,2006,320,952,132,4.9
Write Few Too,1987,169,511,132,7.9
Mention Threat Mrs,1972,994,705,92,1.6
Entire Create Music,2009,764,104,62,1.3
Occur Fly Wide,1983,87,700,139,1.6
Size Baby Age,2021,781,389,147,4.4
Argue Section Raise,2013,996,558,77,2.6
Fight Argue Help,1995,324,623,138,5.1
Party Since Sense,2013,656,859,67,2.9
Top Respond Reduce,1984,175,240,88,8.7
Part Baby Contain,1977,963,689,78,1.5
Participant Discuss Stop,2010,617,990,144,4.6
Dinner Another Road,2012,150,107,126,6.4
Individual Woman Miss,2021,718,211,92,9.2
Time Yourself Training,2007,364,236,125,6.7
Outside Continue Financial,1992,644,843,138,7.3
As View Full,1987,791,477,103,6.3
Interview Wear Cut,1973,251,158,74,4.2
Special Tree Idea,1977,302,193,125,2.3
Civil Edge Evening,1970,423,622,62,8.0
Quickly Window Base,2007,363,228,132,1.6
Agree Thing Draw,1977,995,762,56,1.1
Save Create Left,2001,805,872,55,10.0
Director Wear Politics,1978,110,619,144,6.6
Teach Little Start,1995,61,309,99,3.3
Program Police Pay,2012,208,784,100,8.9
Past Clearly Impact,1971,67,108,120,7.4
Throw Get Executive,2005,531,993,114,4.1
Result Threat Upon,1994,401,871,56,5.2
Fact Energy Somebody,1995,694,369,69,7.4
Real Boy Minute,1988,549,326,68,3.6
Trouble Feel Learn,2000,230,802,101,8.8
Very Well Discuss,1980,7,116,54,4.8
Easy Change Season,1975,252,542,62,9.8
Machine Receive Star,2008,783,183,79,1.5
Successful Southern Himself,1983,685,164,114,4.3
Nice By Your,2013,962,817,114,5.2
Conference Majority At,1981,645,450,61,5.8
Wrong Standard Character,1982,215,494,101,4.5
Answer Show Point,1980,984,317,95,2.1
Year Activity Mouth,2012,616,944,58,8.7
Hit Say Cup,2020,240,260,138,9.6
Our Case Treat,2021,33,763,102,4.4
Mr Bit Seven,1992,819,257,113,5.9
Current Much Rate,1991,821,264,149,4.3
Its Market Television,2018,425,38,84,8.0
Growth How Wife,2002,703,965,114,2.2
Choice Executive Course,1991,575,911,78,9.0
Fear About Billion,2014,643,914,106,4.7
Try Might Suggest,1978,190,964,86,3.2
North Good Network,1978,156,647,102,6.3
Approach Out Simple,1979,326,390,129,5.2
Keep History Agent,1984,841,521,111,1.3
Walk Management Bit,1978,512,271,139,9.5
Hospital Surface Family,2005,103,727,88,6.9
Spring Action Cover,1982,597,301,130,6.3
Draw Guy Measure,1986,193,173,105,2.1
Toward Offer Author,1995,685,541,91,9.7
Movie Including Will,1998,314,148,76,1.7
Control Writer Need,1990,971,789,51,8.0
Every Say Attorney,1995,324,754,90,2.1
Front Accept Sell,1987,358,474,88,4.5
Truth When Nature,1974,842,948,145,4.0
Wide Manage Itself,1999,416,367,62,4.7
Leave Subject Effort,1986,782,743,68,6.3
Ask Remain Sit,1997,174,327,138,5.7
Mission School Gun,2017,591,718,54,7.8
Reduce Subject Let,1982,203,344,103,1.4
Work Bag Arrive,1973,61,426,89,3.7
Past Enter Watch,1976,970,49,121,3.6
Understand Including Today,2003,990,975,93,1.5
Likely Develop Hear,1972,448,545,58,6.9
People Pattern Point,1973,247,811,116,3.6
Win Sure Speech,1973,576,339,90,6.3
Teach Join Green,1997,685,976,76,5.6
Measure A Support,2009,741,200,104,8.0
Be Return Election,2014,49,709,105,4.2
Sing Memory Population,1984,947,456,139,6.5
Discover But Do,1975,412,87,92,6.4
Image Central Good,1996,423,438,130,2.4
Develop Recent Candidate,2002,193,756,114,5.9
Nice Remain Argue,1987,988,680,62,8.4
Such Hit Myself,2006,212,305,105,9.6
Parent Program Rich,1999,22,383,93,1.5
Machine Consider One,1986,409,268,124,7.2
However Agency Somebody,2020,21,116,102,4.5
Itself Suddenly Walk,1976,978,237,56,9.3
End Miss Former,2022,215,794,90,9.4
Evidence Plant Even,1975,677,980,81,4.7
Hard Serve Cell,2000,817,362,74,3.3
Event Mouth Employee,1994,884,722,72,6.0
Poor Reveal Tend,2001,788,831,87,4.9
Class Statement Sell,1984,272,148,89,9.3
Table Have And,1990,34,227,138,7.0
Everything Generation Without,2003,204,42,135,7.5
Cut High Leader,2002,398,408,120,10.0
Determine Citizen Law,1994,465,829,79,4.7
Good Me Meeting,1971,674,143,78,2.3
Than Network Population,2017,81,857,146,8.5
Agreement Hope Only,1983,394,146,131,2.6
Eat Threat Instead,2007,185,822,110,3.5
All Far Admit,2019,404,406,84,6.3
Point Beautiful Scene,1970,75,126,102,2.1
Key Theory Arrive,1988,53,722,140,2.6
Want Central Experience,1987,771,183,60,5.0
For Benefit Option,1976,523,190,124,9.3
Likely Treatment Deal,1974,867,963,72,7.5
Pattern List Wind,2007,189,371,59,3.5
Left Ever Around,2009,87,991,148,8.9
Fall Son Part,2017,748,156,132,2.6
Performance Service Develop,1992,184,871,70,5.3
Knowledge Authority Special,1987,984,840,54,7.0
Alone Myself Ten,2000,869,836,111,4.9
Agency Which Nation,1990,219,568,125,7.4
Travel Nothing Sense,1981,877,357,114,5.3
Work Especially Total,1980,230,293,63,7.2
American Almost Floor,2014,308,652,93,3.3
Tax Else Painting,1995,169,128,76,9.3
Community Send Themselves,2009,355,35,75,4.0
Dog Beat Energy,1990,649,771,139,1.0
Reality Imagine Miss,1974,378,843,83,9.9
Tree Pay Only,2020,625,65,73,7.1
Approach Chance Agency,2021,489,455,121,8.4
Performance Animal Often,1985,858,943,97,1.7
White However Song,1972,965,491,108,4.1
Image Describe Worry,2011,524,705,51,4.5
Law Sing Situation,2002,727,886,58,5.6
Fire All She,1996,120,653,102,8.0
Example Light Listen,1995,986,181,59,4.7
Religious Type Gas,1982,548,244,55,4.7
Find Economic Example,1986,187,40,96,6.4
Expert Visit Administration,1987,187,497,99,7.5
Defense That Trip,1981,298,339,112,4.7
Dark Whole Listen,1972,985,73,81,6.1
Seven Medical Forget,2011,868,355,112,1.5
Ready Head By,1988,716,32,113,5.2
Economy Another Receive,1990,753,726,90,2.6
Author Interesting Dream,2000,142,95,126,2.9
May Along Two,2011,782,938,118,2.3
Performance Country Sort,2012,328,755,83,10.0
Career His Factor,1987,438,294,104,2.3
Success Newspaper High,1993,713,753,77,8.9
Than Listen Anyone,2020,76,492,89,2.5
Sign Certainly Design,1974,193,826,50,5.7
Authority None Would,1980,686,450,146,1.5
Sport Write Day,1996,904,8,117,6.1
Charge Only Pay,2005,360,422,50,9.2
Unit Citizen Mean,2005,578,114,54,1.7
Civil National Institution,2017,713,992,90,8.7
Develop Pretty Commercial,1982,857,887,119,5.7
Cause Could Down,2010,539,675,68,1.8
Commercial Knowledge Employee,2001,100,735,121,9.8
Apply Society Consider,1999,518,262,89,7.2
Admit Southern Song,1975,334,184,131,6.8
Natural Training Explain,2005,167,128,65,10.0
Edge Attorney Member,1983,116,490,101,6.9
Sense Serve Reflect,1975,884,928,71,8.8
Coach Miss Activity,2019,724,594,123,6.9
Meet Stuff Option,1991,911,160,111,2.1
Beautiful Other Brother,1981,496,738,57,1.3
Pm Deep Section,1979,259,163,53,6.0
Popular Tough Method,1971,558,747,63,2.2
Few Eight Pull,2019,146,352,86,4.5
Church Clearly Industry,1994,768,838,149,1.8
Final Training Table,2003,731,641,115,1.8
Certain Line Democratic,1987,645,660,121,1.1
Tree Name Should,1993,649,202,59,3.3
Recently Each Trade,2013,487,552,79,3.3
Economic Last Technology,2005,16,177,129,3.3
Company State Speech,1989,509,65,133,9.3
Usually Court Window,1989,885,323,136,1.6
Money Prepare Draw,1979,928,883,92,9.4
Discover Wish Area,2000,764,883,105,6.0
Available Certainly Population,1988,418,466,127,3.3
Tell Rich Tell,2004,861,744,66,4.2
Sure Young Ask,1996,251,773,77,2.8
Everyone Or More,1978,295,183,101,7.5
Mean Make View,2015,143,450,131,3.0
Pay Worker Now,2005,89,37,124,4.9
Environment Sometimes Bank,1975,840,806,102,1.9
Avoid Wonder Serious,1999,597,74,56,6.1
Group Dinner Nature,2011,325,963,116,8.1
Provide Purpose Bank,2000,600,917,118,3.8
Pass Dark Television,1999,979,775,117,5.2
Past Data Certainly,1976,787,313,78,1.0
People Assume Outside,1989,998,555,106,6.5
Cultural Near Moment,1982,232,543,126,1.9
List Model Respond,2016,663,513,109,5.6
Light Like Line,1972,136,803,143,5.4
According Very Quality,1980,755,946,54,9.1
Source Society Anything,1996,126,918,59,7.8
Give Religious Daughter,2003,961,633,102,7.6
Test Eye Stage,1982,7,44,140,9.7
Traditional Manager Language,1980,440,34,97,1.8
Not Dog Great,2014,999,663,113,1.0
Politics Education Evening,2019,131,849,130,5.2
Year Fall Area,2007,602,872,134,8.2
Daughter Worry Manage,2010,113,269,78,6.2
Thought Central Memory,2005,878,788,67,6.3
Manager Scientist Beyond,1999,260,450,75,2.2
Southern Discussion Firm,1980,8,695,90,4.7
Agency Above Think,1983,313,261,135,8.8
President Politics Same,2002,712,359,78,7.3
Own Might Analysis,2019,314,63,138,3.5
Young Traditional Recent,2018,977,260,100,9.5
Stage Suffer Operation,1971,806,5,86,7.4
Less Within Common,1972,290,167,62,5.6
Significant Born Food,1990,773,505,100,3.0
Few Baby Attorney,2004,981,833,106,3.4
Behind Eat Week,1999,842,877,109,3.8
Bar Specific Chance,1997,753,691,82,4.9
Task Home Surface,1970,976,284,53,9.2
Local Participant Tell,2020,837,543,88,8.2
There Strategy Ok,1973,180,937,52,1.1
Cost Scene Notice,1973,224,276,51,8.4
Writer Tonight Space,1989,941,749,143,1.1
Day Senior Wall,1992,757,272,112,6.8
View Kid Tonight,2021,799,665,53,7.9
Raise Morning Several,1998,37,115,128,6.3
Care Door Animal,1986,94,722,79,9.0
Analysis Bring Authority,1993,370,940,120,9.0
Spring Mouth Yard,1993,802,600,127,4.6
Else Argue Head,2020,501,523,136,1.5
History Possible Board,2004,439,117,132,8.3
Rest Happen Race,1976,555,212,141,4.7
Trade Above Mean,1972,418,876,54,3.4
Several Democrat Order,1976,799,482,96,8.4
Herself Out Reach,1980,374,106,111,1.8
Now Scene Seek,2018,141,15,58,5.5
Huge Among Past,1996,107,843,94,7.4
Mention Yet Environmental,1982,942,209,139,6.3
Wide Month Already,1973,956,140,55,7.2
Its Identify No,1980,440,199,108,1.1
Ten Likely Evidence,2000,547,982,63,4.3
Class Forget Bar,2022,341,496,81,2.1
Weight Middle Without,2017,389,515,102,6.0
Audience Ahead Get,1982,519,108,83,3.7
Blue Probably Natural,1982,966,380,56,4.0
Policy You Others,1980,327,811,115,1.2
Road Through Television,1976,681,45,57,9.8
Popular Camera See,2017,149,889,144,3.2
Wear Place Successful,1972,977,237,66,4.2
Feel Water Late,2014,962,237,85,6.6
Part Like Today,2017,8,64,59,4.6
Suggest People Give,2001,220,418,68,2.2
Far Part Woman,2002,228,964,88,2.7
According Market Little,1988,317,584,121,9.0
Key Break Election,1972,398,717,110,9.0
There Thought Base,2003,314,353,123,6.3
Market Prevent Senior,2020,982,675,79,5.8
Magazine Official Material,1983,677,408,94,8.5
Difficult Age Bank,1991,441,801,92,6.1
Admit Friend Write,2020,614,510,58,7.5
Toward Fast Catch,1982,821,351,119,1.0
Yeah Them Large,2007,200,733,137,8.0
Big Surface Me,1999,896,706,102,1.3
Commercial Meeting Walk,2013,849,327,85,7.5
Run Bank Agency,1999,579,160,93,8.0
Kind Rate Stage,2022,910,391,121,3.3
World Real Debate,2005,925,807,97,7.9
Month Again Job,1975,386,680,134,8.8
Occur Get Military,1995,706,171,148,7.4
Any Determine Item,1997,475,681,123,3.0
War Some Town,2020,131,831,111,2.0
Table Into Body,2011,442,217,108,2.6
Me Admit Practice,2018,885,178,75,2.7
Song Along Shoulder,1998,260,104,80,5.5
Business Cultural Magazine,2021,895,63,75,1.2
Analysis Matter Save,1991,177,896,138,3.5
Eat What Blue,1997,331,331,126,7.3
Remain Or Do,1979,707,780,103,8.3
Home Last Area,1990,243,374,93,6.4
Service Must Natural,1997,327,75,90,7.4
Add After Address,2015,702,602,106,7.4
Blue Even Sing,2010,237,701,120,9.2
Describe Know Add,1999,635,46,104,8.4
Itself Option Plan,2006,870,225,61,4.8
Traditional Join Exist,2008,500,984,129,4.3
Health Start Sense,1988,463,559,99,4.2
Happen Teach Fund,1982,110,784,149,2.2
Trouble Himself Answer,2019,766,365,103,5.9
Probably Never Mouth,1988,319,510,136,4.4
Soldier Page Hand,1993,359,528,85,4.6
Later Financial Public,2022,115,285,130,3.7
Fund Other Mr,1999,242,968,128,3.9
Perhaps Bill Wish,1991,557,412,84,7.8
Structure Pass Baby,1971,101,327,56,9.6
Oil Four Apply,2006,325,527,121,9.3
Easy Break Once,1970,794,797,83,3.1
Teach Already Development,1997,117,387,70,3.0
Appear New Hard,1993,279,944,128,6.2
Main Poor Area,1983,2,343,67,2.0
Draw Possible Store,1995,804,432,126,6.8
Building Him Production,1970,49,167,85,6.6
Attack Threat Three,2019,327,710,146,3.6
Visit Sign Build,2007,55,305,51,2.7
Morning Them Reflect,2010,299,643,88,1.9
Moment Run Group,2002,10,81,55,5.5
Seven Study Heart,2021,349,767,126,2.5
Effect Now Sea,1986,855,203,61,1.5
Tax Own Fall,1987,986,729,83,4.0
Arm Animal Tv,1977,339,260,132,8.7
Ahead Its Serious,1992,248,202,51,5.5
Foreign Minute Prevent,1972,476,281,115,5.8
Work Trip Increase,2001,792,559,103,3.9
Opportunity That Avoid,2019,136,981,98,3.9
Lot Dream Realize,1994,116,204,106,5.8
Bring Doctor Maybe,2008,497,348,71,1.7
Education Government Case,2004,290,846,83,3.5
Behind Level Ask,2003,482,601,51,4.3
Either Local Could,2009,138,803,143,2.9
Old Picture Per,2004,391,355,120,9.2
Drug Career Laugh,2008,395,827,96,7.0
Garden Fish Board,1992,349,806,120,1.9
Throughout Mission Office,1973,993,221,124,5.2
Quickly Song Those,1980,300,443,55,9.0
Newspaper Stay Item,1973,600,857,102,8.5
Matter Every Before,1982,277,581,55,5.4
Sense Tv Some,2014,546,874,58,2.2
Citizen Particularly Window,1970,63,433,126,1.7
Fine Resource Million,1975,972,758,123,1.1
Too Ball Last,2017,949,427,86,9.6
Opportunity Huge Win,1980,245,557,59,9.7
House Peace Quickly,1977,430,165,148,6.6
Foreign Employee Agency,1978,912,670,79,8.6
Card Peace Already,2006,769,579,61,2.2
Future Successful Fly,1980,499,853,148,6.0
While Reach Else,2005,924,609,117,9.3
Thing Leave Suddenly,2007,361,11,81,3.3
Young School Science,1973,809,438,80,1.2
Scene Fine Million,2013,560,446,134,8.3
Through Time For,1980,444,518,66,5.6
Guess Once System,2014,177,965,89,4.5
Entire Dream Brother,1979,739,640,68,3.3
Road Information Fine,1975,486,570,132,8.8
Energy Decide Or,2021,700,575,60,1.1
Half Produce Sea,2002,46,856,139,2.9
Lead Peace Less,2016,953,685,119,6.8
System Support Team,2012,707,869,95,9.3
Out Street Make,2007,287,690,99,9.5
Either Officer Board,2021,949,273,96,6.9
Resource Fast Federal,2004,995,849,109,7.8
Those Old Tell,1978,659,175,64,3.1
Contain Resource Dog,2019,787,559,83,7.5
Require Above Even,2016,705,810,145,2.1
Citizen Popular Leave,1978,972,58,120,2.6
Remain Former Produce,1982,462,398,127,2.3
Way Answer Right,1985,490,739,63,9.4
Project Black Like,2006,638,50,62,6.3
Thousand Agreement Like,2007,213,444,121,1.9
Young Street Father,1976,809,773,130,9.3
Peace Institution Almost,2003,758,687,105,5.5
Tax Goal Allow,2011,342,180,116,7.9
Guy Establish Discover,1988,697,509,97,8.4
Who Positive Article,1970,94,95,71,7.8
Bed Statement Research,2009,136,251,132,2.7
Religious Western Site,1988,318,225,117,6.5
High Tree Less,1991,734,127,61,4.3
Drug Word Production,1990,938,637,78,9.8
Finally Seek Drug,1972,499,970,136,6.2
Bad Take Upon,1979,328,576,75,9.9
Important Continue Certain,1991,552,237,83,4.5
Next That Support,1984,770,202,138,9.7
Owner Evidence If,1977,815,454,53,5.0
Tonight Region Degree,1979,73,391,66,6.2
Agree Church Third,2018,631,756,62,6.4
Huge Last Event,1985,464,451,59,5.8
End Land National,2017,392,829,141,8.7
Half Represent Nation,2009,308,422,145,5.2
Ago Edge View,1989,425,467,149,7.7
Back Forget Former,1977,357,926,132,7.0
Republican Suggest Attention,1978,219,827,73,4.0
Person Night Hard,1993,993,869,59,1.8
Statement Group Here,1994,745,368,61,1.7
Individual Instead Worker,2015,463,524,70,9.1
Director Professional State,2009,248,795,93,5.1
Safe Someone Part,1988,322,928,94,2.6
Form No Agreement,2014,949,55,70,3.3
Each Series Local,1988,580,502,69,7.1
Stock Science Newspaper,2006,897,988,125,5.5
Start Catch Any,1985,812,980,145,1.5
Unit Lawyer Computer,1997,893,877,89,3.1
Myself Account His,1977,993,624,137,5.5
Country Information Might,1982,133,344,131,5.5
Change Capital House,2015,622,779,70,6.8
Safe Phone Science,2005,723,781,96,3.1
Organization Compare Likely,2020,725,752,123,8.0
Course Have Cut,2010,179,850,63,9.4
Outside Base Gas,1974,699,307,81,7.6
Suffer Research Half,2018,315,7,115,5.3
Imagine Set Million,1983,506,97,142,2.9
Actually Relationship Present,2006,562,341,136,4.5
Behind Let Rate,2010,806,634,77,4.1
Citizen Appear Happy,1979,431,219,101,5.5
Style Make Least,2011,209,90,102,9.8
Reason Sometimes A,2001,629,818,133,1.8
Design Small Subject,1981,830,919,124,4.6
Better Treatment Wife,2009,143,835,133,6.2
Exactly Still Type,1993,711,893,87,7.1
Prepare Author Poor,1986,830,459,145,5.7
Cold Use Office,1977,317,72,101,4.0
The Provide Option,2013,985,464,88,9.8
Instead Career Wear,1995,213,475,125,2.7
Bag Possible Seem,1973,545,414,56,6.9
Half Morning Return,1976,297,973,133,8.4
Fine Science Bit,1976,164,880,91,3.2
City Think White,1975,947,39,61,3.1
Easy Decide Kind,1993,654,349,67,3.5
Next Nice Glass,1987,716,41,126,2.5
Bag Sound Out,1984,49,906,95,5.1
Court Candidate Situation,2017,66,17,144,7.0
Culture Consider Morning,1978,15,417,126,7.8
Marriage Culture Central,1994,732,157,149,7.7
Against Instead Beyond,1987,860,591,114,5.6
Whole Reach Something,2005,571,643,130,3.9
Determine Nation Station,2014,183,969,146,7.8
Stop Tonight Hot,2005,175,703,115,1.3
Wonder Back A,2016,546,857,134,7.5
Very Least Need,2018,24,956,92,9.1
Ahead Feel Gun,1974,196,368,146,2.0
Never Involve Oil,2012,771,509,62,6.1
Mr Spring Hospital,1995,406,375,125,2.9
Organization Also Tonight,2009,439,666,92,3.2
Seat Others Last,1992,380,789,96,1.8
Buy Final Ability,1974,63,893,148,6.6
Free Month Watch,1971,968,894,67,9.9
Him Increase Send,2017,850,887,78,1.7
Still Democratic Various,1992,609,102,96,5.2
Add Market One,2018,229,508,76,2.6
Minute Often Season,2001,567,75,129,2.3
Future After Figure,2004,560,353,70,7.3
Enjoy Fine Door,1991,912,880,139,3.6
Deal Practice Space,2013,893,529,89,7.7
Project Unit Human,2005,192,420,83,8.6
Treat Who Inside,1978,894,432,93,2.8
Page Trial Address,1990,995,562,125,8.6
Protect Begin Public,2000,291,642,98,9.3
Whose Present Loss,2012,536,400,111,9.5
Animal Measure Hair,2012,926,699,63,9.9
Thus Law Him,2022,168,251,114,7.3
Not Form Situation,2007,822,785,110,6.1
Series Star Hear,1996,536,243,59,2.1
Person Every Total,2006,508,603,119,9.2
Mind Across Various,2022,459,377,126,1.1
Part Off Appear,2009,108,426,139,8.2
Election Wrong Your,1973,926,829,67,3.7
Apply Campaign Series,2001,348,327,105,3.3
Industry Perform Throughout,2008,993,348,127,4.1
Painting Even Hour,2010,813,767,129,8.8
Fill Participant Brother,1994,593,63,51,9.5
Include May Deep,1991,742,609,58,8.7
Eat Team Age,2011,630,246,98,2.0
Performance Ready Family,1981,324,448,110,5.0
Blood Apply Religious,1989,563,400,62,6.7
Situation Year Painting,1983,386,346,65,7.5
Side Bed Remain,1991,462,42,117,7.4
Program Fight Give,2020,814,129,96,8.7
Find Take Wall,2019,133,936,115,3.4
Particularly Painting Identify,2010,854,106,104,4.0
Toward Strategy Hospital,1972,935,730,91,2.0
Race Statement Decade,2008,770,49,83,6.9
Nor Responsibility Long,1999,853,642,112,7.0
Discover Window Cost,1981,420,270,111,9.2
Down Best Painting,1991,507,297,55,7.3
Drop Religious Threat,1983,210,627,64,6.0
Might Change Least,1976,68,324,113,2.1
Recognize Court Wife,1976,779,22,102,7.1
Order Office Nothing,1980,435,493,136,6.1
Hour Six Use,2013,718,785,88,6.6
Particularly Player Door,2007,254,468,92,5.0
Reduce Figure Well,2004,942,607,69,1.7
Thus Million Itself,2006,395,168,136,3.4
Current Above Peace,1988,614,297,71,2.4
Reason West Nearly,1977,308,477,116,3.6
Building Education Along,1987,822,223,109,4.8
Hour Analysis Above,2009,329,308,76,4.8
Partner Husband Alone,1999,1,479,54,7.6
Down Who Voice,1996,953,130,140,6.9
Single Thing Commercial,1993,252,278,97,2.6
Hot Two Firm,2010,527,943,66,8.6
Today Here Whether,1981,635,709,110,8.6
Seem Response Grow,1974,922,207,116,7.3
If Question Lot,2009,118,314,110,2.3
White Truth Occur,2020,489,878,86,9.3
Home Carry Challenge,1996,763,347,82,1.5
Dark Knowledge Gun,1975,709,947,130,2.6
Decision Them Owner,1979,162,417,73,1.2
Perform Paper Page,2007,94,789,105,4.0
Region Guess Billion,2010,381,726,86,7.9
All Knowledge Free,1982,514,893,132,7.2
Road Late Member,1987,903,492,148,9.5
Approach Statement Visit,1997,531,287,143,4.6
Firm Stage Eat,2014,728,104,124,9.5
Tough Technology Do,1973,845,172,54,3.9
View Kind Let,2001,309,485,130,3.2
According Long Note,1994,869,593,90,4.6
Provide Stuff Third,1998,528,989,99,1.6
Camera Might Pretty,1986,536,752,72,1.2
Social Hand Chair,2009,450,944,115,1.4
Tonight Key Media,2012,829,562,71,7.3
Source Prepare Learn,1970,186,710,87,9.6
Card Grow City,1996,852,138,52,3.6
Group Challenge Another,1988,934,913,135,9.0
Suffer Perhaps Low,1987,657,807,98,7.9
Manage Role Light,2014,747,221,86,7.5
Well Support About,2010,101,454,96,4.5
Teach Century Gun,1996,811,715,68,8.1
Professor Small Also,1970,611,487,89,1.8
Subject Best Person,2010,806,127,57,5.5
Offer Affect Police,1972,583,794,86,6.9
Technology Commercial Police,2010,287,294,110,4.0
Indicate Shoulder Think,2007,844,630,143,9.5
Central Painting Executive,1991,961,15,89,3.0
Agree Republican Me,1983,116,726,109,4.9
Major Note To,2008,951,565,92,3.7
Call Deal Stand,2009,601,424,108,5.6
Time Author Information,1989,77,214,88,6.6
Traditional Less Hundred,1996,955,727,72,4.3
Without Financial Red,2019,272,371,90,2.4
Me Manager Either,2016,777,137,52,5.2
Short Member Minute,2010,723,657,121,3.9
Ready Most Resource,2011,514,77,94,2.0
Detail Explain Source,1983,375,282,72,4.8
Operation Plant Rule,1992,226,551,92,7.1
Customer Specific Forward,1980,520,968,144,5.9
Doctor Especially Serious,2008,318,704,81,1.0
Lawyer Key Apply,1986,337,628,90,8.4
Change Else Health,1982,101,420,63,2.5
Choose Cover Popular,2016,784,854,140,3.7
Message Argue Run,2007,101,21,53,5.0
Scene Anything Father,1997,597,578,78,5.8
Enough Rock Now,1983,947,70,78,5.7
Probably Writer College,1975,447,682,67,1.4
Past And Social,2021,317,88,120,6.6
Company Tonight Daughter,2007,649,587,57,7.3
Serve Different Manage,2016,225,313,63,3.8
Itself Alone Party,1977,909,92,59,9.2
Everybody Rich But,2006,528,631,120,9.6
Evening With Way,1979,376,716,84,8.1
Age Trip Real,2003,861,269,60,6.5
Player Spend Central,1971,448,355,109,2.5
Record It Improve,2004,510,862,79,3.6
Manager Suddenly Question,1986,941,171,86,8.8
Power Lot Behind,2013,138,371,137,5.7
Goal Bit President,2022,89,376,87,8.4
Suffer Claim Now,1981,144,379,118,9.8
Difficult Then Deal,1988,956,401,120,8.4
Want Movie Important,2018,793,698,95,4.8
Onto Fly Nature,2003,494,572,100,9.2
Work Amount Fight,1982,616,818,50,1.4
Finally Movie Peace,2011,743,395,118,4.4
Phone Catch Kitchen,2008,905,536,66,4.6
Sea Season Including,1984,839,354,139,8.2
Population Type Win,1995,585,679,135,4.5
Lead As Actually,2016,380,52,143,9.8
Rest Significant Air,2008,80,179,78,2.6
Senior Experience Eight,1990,758,275,128,6.4
Mention Continue Effect,1973,382,510,141,3.8
Always Again Kid,1971,175,612,56,3.7
Get Sister History,1995,82,939,135,4.7
Admit Exist But,2017,230,764,144,7.7
Kid Thus Huge,1983,372,362,67,8.6
Between Surface Local,1973,572,167,96,3.0
Picture Person Offer,1970,88,101,98,7.5
Bag Create Western,2002,24,33,145,9.5
Tv Recent Range,1994,314,883,149,7.8
Water Exactly Degree,1990,191,841,65,5.2
Environment Likely Collection,1986,484,581,69,2.0
Table Friend Sea,2003,548,668,116,2.7
Call Public Fine,1976,257,303,72,3.3
Past Draw Voice,2009,78,420,114,6.1
System Each Tell,2005,440,56,133,6.5
Tax Hard Example,2005,885,586,118,4.9
Home Professional Late,1971,504,238,96,5.6
Position Partner Note,1988,33,430,136,8.4
Imagine Impact Hospital,2006,483,404,140,1.4
Home Nice Son,1982,363,193,121,2.1
Whom Sort Investment,1973,697,517,148,9.1
Man Already Campaign,1987,329,528,99,8.5
Heavy Certain Term,1971,99,960,116,6.4
Or Develop Strategy,1979,364,466,127,1.6
Nor Painting Participant,1997,126,200,64,5.3
Suggest Off Either,1988,14,739,70,1.9
Act Line Difference,1999,478,60,81,9.8
Person Family Have,1980,616,955,140,6.2
Remain Stop View,2003,198,529,98,9.9
Me Pull Born,2016,357,817,123,3.6
Save Mind Let,1980,589,22,141,6.7
Traditional Despite Safe,2021,156,303,75,9.9
I Not Treat,1992,535,821,78,3.9
Report Poor True,2002,258,393,132,2.1
Father Beat Fear,1993,419,77,103,8.4
Class Possible Government,1983,653,794,110,6.6
Goal Movement Owner,1985,476,914,149,9.4
Cause Billion Single,2014,19,708,109,6.8
Your Notice Reason,2007,612,847,78,5.3
Woman News Appear,1996,889,749,79,8.6
Color Expert None,1979,840,203,70,2.4
Dog Need Decision,1994,378,348,120,1.9
Trip Coach Coach,1981,60,485,125,6.9
Professor Across Owner,1975,246,104,115,2.0
Threat Others Loss,1971,525,269,108,7.3
Product Into Bar,1975,549,300,81,2.4
Foreign Beat Second,2013,280,880,84,9.4
Improve Court Cell,1973,922,909,141,6.8
Almost Boy Court,1986,855,989,144,3.9
Short Eight Law,1981,122,39,97,3.9
Consider Their Range,2000,143,991,106,9.2
Article Probably Themselves,1993,806,414,146,5.0
College Quality Other,2013,156,623,54,2.0
Recent Student Happen,2014,824,100,92,8.2
Audience Among Collection,1988,276,249,129,4.8
Compare Direction Else,1974,945,635,62,1.9
Mr At Hotel,1993,12,679,67,8.9
Natural Think No,1977,168,870,146,2.1
Practice Interview Able,1989,582,273,101,8.3
Draw Conference Within,1998,963,559,107,6.2
Phone Cultural Cultural,1976,830,144,120,8.8
Trade Sport Plan,1975,41,266,88,9.4
World Fund Measure,2001,849,468,136,3.8
Face Say Parent,2019,376,959,132,9.8
Consider Federal Court,1990,32,906,56,1.0
Me Bring Spend,2004,436,974,53,7.7
Size Choice Although,1971,400,474,149,7.4
Degree Water Civil,1996,678,117,95,4.7
President Under Film,1998,786,22,99,7.4
Candidate That Help,1999,852,484,105,8.7
Certain Democratic On,1973,184,678,57,5.2
Radio Including Money,1978,796,573,68,5.8
Us Event Training,1991,790,683,87,2.1
Region Crime Test,1987,903,364,145,5.8
Factor Manager Take,1972,551,416,119,1.8
Low Resource Else,1974,780,569,70,2.3
Entire Field Chance,1971,103,387,65,8.2
Vote Smile Learn,2014,590,279,78,7.2
Present Second Include,1996,619,531,95,6.6
Five No Can,2017,170,446,77,7.1
Various Capital Whole,2010,667,800,79,8.8
Appear Amount Force,1982,511,498,114,3.8
Home Leg List,1982,279,304,80,4.0
Picture Certain World,1994,638,749,136,9.9
Hospital Weight Training,1992,447,440,120,2.2
Doctor Rest Seek,1996,284,815,79,9.2
Main Organization Various,2013,129,826,57,9.2
Perhaps Citizen Visit,1970,90,867,60,8.6
Common Fall Better,2018,655,406,143,2.2
Fly View Despite,1981,366,858,86,8.4
Reason Husband Outside,1999,146,461,134,3.7
Director Chance Name,2004,704,261,109,4.3
Too Cultural Hear,2001,865,117,104,5.6
Around Parent Figure,1986,238,517,134,3.9
Pass Tree Senior,2020,552,357,96,1.8
Stage Computer Rich,1987,343,573,65,1.7
Energy Message Skill,1995,158,981,147,5.0
Discover Statement Guy,2007,970,332,113,4.4
Who Woman Full,2009,387,136,52,1.8
Amount Quality Across,1981,886,961,132,1.5
Station Cup Her,2010,637,470,60,8.9
Political Congress Fight,2001,747,116,132,3.0
Help Discuss Field,1974,367,273,102,5.6
Though Enjoy Fast,2013,803,823,141,9.5
Sometimes Do See,1978,164,835,115,4.7
Sometimes Room Management,1987,111,482,79,9.6
Arm Goal Cost,2013,721,734,98,9.8
Peace Thought Speech,2022,36,228,113,8.6
Indicate Trade Minute,2004,79,827,125,8.5
Remain Able Accept,2012,994,60,88,7.1
Recently Become Class,1984,866,847,148,8.2
Work Image When,1989,493,762,132,9.9
Event Return Source,2010,858,860,81,1.6
Past Cup Stuff,1970,608,450,119,1.7
Walk Determine Enjoy,2021,73,10,137,5.0
Many Realize Fight,2021,777,305,126,4.3
Attack Show Rich,1986,956,382,81,9.3
Common Professional Particularly,2019,781,829,109,9.9
Each Why Dark,1993,104,329,66,8.3
Class Ground Front,2011,329,788,123,4.1
Sure Rate Hair,1992,735,940,120,3.9
Big Child Eat,2003,825,321,77,8.5
House Middle One,2003,142,326,52,1.3
Check Act Everybody,1975,25,726,132,1.7
Reveal Because Know,1994,306,719,94,1.1
Hotel Group Within,1997,100,593,77,7.6
Second Huge Explain,1996,241,374,90,3.1
Attack Walk Threat,2013,47,776,71,10.0
Dinner Alone Occur,2004,954,76,130,1.4
Easy Week After,1978,728,995,92,2.5
Bit Front Put,1976,588,375,99,4.4
Minute Outside Base,2015,541,664,111,5.2
Billion Million Threat,2012,620,167,81,4.3
Green Option Future,2007,586,976,121,4.3
Participant Political Everyone,2008,937,598,81,9.9
Example On Television,1993,3,785,113,4.7
Maintain International Citizen,1979,216,38,51,7.3
Civil Treatment Them,1982,571,641,129,8.4
Able Modern There,2007,307,260,127,4.0
President Practice Size,1998,717,615,107,7.3
Establish Recognize Interesting,1990,407,62,129,9.8
Democrat Only Later,2016,998,989,63,3.5
Image Save Little,1973,524,390,57,6.4
Simply Lay Population,2014,107,982,52,7.4
Clear Until With,2006,534,454,64,9.8
Perform Public Election,1994,28,30,79,3.8
Sort Drive Close,2018,839,944,135,4.0
Share Across News,2003,341,246,142,1.1
Good Skill Happen,2019,649,140,129,2.9
Book Amount Speak,1999,305,433,95,4.4
Available Edge As,1981,821,638,113,7.1
Yard Focus About,1998,833,356,103,3.3
Several Onto Include,2012,688,816,72,1.2
Bank Easy Offer,1985,592,243,132,8.7
Car Someone Administration,2005,721,625,78,9.4
Need Accept Present,2017,261,106,81,1.6
Heavy I Professor,1999,793,789,103,5.9
Store Be Remain,1993,156,432,112,7.7
Without Activity Whether,2008,130,699,64,7.7
Guy Interview Listen,2000,615,540,118,6.8
Responsibility Very Or,1983,373,190,117,4.2
Paper Look Me,1970,197,642,138,2.3
Sure Industry Economy,1985,925,803,138,4.4
Deal Age Thank,2018,890,378,108,8.1
Become Dream Blood,1994,980,747,73,1.3
News Perhaps Performance,1982,23,219,84,1.5
Rich Under Type,1979,256,381,88,1.8
Page Energy Put,1972,164,526,85,3.9
Key Never Eye,1993,847,688,56,9.5
Last Remember Natural,2005,617,337,63,4.5
Standard Trade Peace,2013,450,420,78,3.5
Share Source Technology,1975,789,98,114,2.1
Decide Sort Decision,2012,120,206,50,9.7
Once Assume Central,1981,975,277,140,4.2
Realize Single Method,1998,608,163,81,4.4
Behind Should Sense,2004,419,368,133,4.8
Style Whom Listen,2009,594,379,122,2.0
Chance Me Foreign,1985,678,753,105,1.1
Eye Range Say,1984,759,825,129,4.8
Could Final Coach,1981,845,663,57,7.4
Sell Cell Radio,1974,609,654,50,7.9
Oil Own Money,1995,123,362,83,5.1
Bank Admit Without,2014,467,141,147,5.3
For President Near,1986,592,885,50,2.9
Case Hope Somebody,1970,300,738,89,6.0
Be Across Radio,2011,876,268,60,8.5
Though After Throughout,1987,843,522,146,4.5
Hot Result As,1975,204,124,84,9.1
By Finally About,1996,273,241,77,3.8
Relationship From Now,1980,49,339,106,7.4
Laugh Old Exist,1997,984,194,52,5.5
Every All Mouth,1982,191,789,135,5.4
Trouble Sell Father,2007,777,6,127,7.7
Cut Statement Growth,1989,198,799,57,4.9
His Support Address,1999,526,980,67,5.3
Rich Next Understand,2021,2,739,117,8.0
Present Director School,1999,990,868,64,5.7
Base Authority Bit,2010,165,965,138,6.5
While Trip Almost,2006,830,832,105,4.7
Product Manager Foot,2012,962,587,122,7.2
Door Deep Measure,1998,323,89,78,6.2
Feel Kind Usually,2017,548,572,84,3.3
Clear Should Design,2014,286,342,131,7.5
Week Public Ago,2020,598,792,60,9.2
Score Since After,1991,352,277,92,4.1
Require You Only,2003,25,781,58,6.8
Become Benefit Fast,1983,715,856,80,4.4
Art Race Across,1995,494,326,125,3.8
Call Trip Few,2014,789,799,64,8.5
Face She Final,1982,103,417,86,10.0
Remain Common Republican,2013,735,690,68,3.7
Sense Future Now,1975,153,384,58,6.7
Good Cultural Try,1986,434,604,59,9.2
Method Coach Full,1978,328,3,117,9.5
Under Spring Real,2008,259,691,117,9.0
Report Purpose East,2017,322,724,67,3.9
Your You Set,2009,93,611,98,1.2
Create Discuss Resource,1996,455,336,85,5.2
Thank Way Piece,2015,643,187,83,3.3
Difficult Marriage Crime,1999,859,819,73,9.9
Challenge Task Organization,1992,475,212,63,7.8
Prove Within Daughter,1977,153,742,56,7.3
Degree Near Baby,2001,462,954,56,7.7
Second Likely Market,2015,23,501,61,2.1
Cover Mother Difference,2022,647,946,102,4.8
Buy Again Gun,1999,501,639,112,8.1
Church Finish Mission,1974,153,252,138,7.5
Himself Person Knowledge,2006,352,616,109,9.3
Maybe Truth Sea,2020,435,773,110,1.0
Part Whom Environment,1990,425,427,67,4.3
Less She Fill,2005,146,806,81,9.3
Avoid Serious Fact,1991,455,225,66,2.7
Also Policy Painting,1989,665,412,86,10.0
Sea Evidence Pay,1971,162,573,120,5.1
Member Involve Their,1983,358,972,129,1.3
Simple Degree Hair,2010,867,460,135,3.6
Population Small Answer,1990,872,571,62,7.6
Of Add Collection,1998,10,769,122,3.1
Likely Reduce Stuff,1989,261,863,81,9.4
Look Apply Star,2007,611,826,79,8.7
Main Today Woman,1994,4,314,129,4.2
See Size Billion,2017,551,75,128,6.5
Under Responsibility Hope,1980,909,824,103,4.6
Tree Focus Issue,1974,372,740,72,1.2
Surface Section Program,2014,510,241,102,1.9
Successful Sister Whole,1971,149,502,82,8.9
Discover Campaign Individual,1994,817,489,143,7.7
Peace Around Smile,1974,47,102,65,2.5
Trade Most Nation,2015,30,613,125,5.2
Laugh Available Trial,2011,235,750,123,1.9
People Part Ahead,2015,172,80,136,2.3
Nearly Reduce Should,1981,170,812,87,7.5
Within Hotel Kitchen,2022,687,168,124,5.9
Social Response Left,1976,888,482,140,2.7
American Number Probably,1978,643,66,149,1.9
Become Oil Former,1971,84,780,103,9.0
Truth Religious Result,2012,280,759,66,7.9
Traditional Light Add,1996,454,795,52,6.8
Institution His Economy,2006,562,606,58,1.7
Medical Huge Than,1991,914,781,143,4.6
We Feeling Reflect,1996,936,5,56,8.4
Short Else Special,1984,1000,892,62,1.4
Yet Best Always,1991,918,596,54,3.1
In Culture Issue,1984,745,342,119,4.2
Painting Black Society,1973,786,132,101,2.0
Simply Race Really,1988,790,587,90,5.8
Because Entire Side,2009,757,45,79,5.9
Into Technology Question,1979,823,864,50,2.4
Court Some View,1974,41,285,117,5.2
Much His Science,1971,921,786,82,4.8
Because Common Agreement,1992,419,851,133,9.6
Side Create Memory,2017,744,338,112,3.2
Keep Economy Magazine,1982,472,192,108,6.6
Dinner Maintain Smile,1977,577,408,119,8.5
Share Nature In,2007,936,954,140,5.7
Century Page Yeah,1998,75,393,135,4.1
Mouth Include Discuss,2004,106,221,89,6.1
Let Write School,2005,697,891,74,8.0
Partner You Evidence,2011,825,138,61,9.7
Suffer Author Act,1996,273,93,123,6.7
Candidate Price Why,1984,104,693,146,9.2
Air Price Evening,1988,779,153,132,5.7
Per Much Thing,1978,809,8,138,4.5
Him Career Day,1994,408,125,96,6.4
There Instead Later,1977,10,82,68,5.0
Person Method Surface,1981,722,767,93,9.9
Buy School Audience,2014,245,249,65,3.6
Probably Sit Kid,1976,221,102,91,7.5
Allow Popular Its,1981,722,501,131,4.0
Business Present Clear,1973,524,989,62,4.6
News Article Prove,2000,802,774,56,7.2
Above Analysis Film,1973,370,702,114,8.8
Customer Forward Cause,1983,83,649,63,10.0
Student Along Born,2007,672,685,119,9.4
Hope General Explain,1978,275,626,72,5.3
Bar Provide Safe,1997,159,230,83,2.1
Animal Deal Reality,2009,549,850,145,8.5
Statement Turn May,2020,148,421,67,9.6
Manager Commercial Fast,2007,128,480,100,2.3
Rate Act Pull,1997,557,776,102,7.0
Watch Marriage Simply,2019,213,64,95,7.7
Improve Authority But,1977,20,423,104,6.3
Environmental Dinner Last,2011,774,998,117,8.7
Energy Central School,1989,636,484,77,7.9
Coach Respond Town,1977,894,394,70,2.6
Concern According Coach,2015,551,861,129,7.8
One Situation Season,1997,9,63,52,6.6
Property Technology Citizen,1982,885,789,133,8.7
Accept But Light,2016,328,948,114,9.5
Treatment Gas Poor,2009,746,493,81,5.8
Themselves Fear Build,1990,43,32,120,7.4
Various Outside Describe,1981,561,260,108,9.1
Above Bill Bad,2010,931,386,140,6.2
Herself Daughter Around,1980,525,296,91,3.5
Ground Order Expect,2007,681,695,131,7.1
Course Choose Charge,1991,615,510,52,9.2
Floor Left During,2008,891,647,125,3.1
Appear Why Brother,1988,331,33,74,7.4
Fear Market Issue,1986,236,657,124,6.1
Have Protect Final,1999,268,45,78,3.6
Former Well Act,2018,275,649,69,2.5
View Music Expect,2018,603,24,100,3.5
When Quickly Admit,2001,397,26,141,4.2
Word Feeling Newspaper,2000,441,171,118,5.8
Street Summer Dinner,1986,818,751,84,2.5
Shake Executive Reality,1994,838,892,73,3.3
From Land House,2000,564,724,139,3.3
History Campaign Foreign,1987,569,894,74,6.8
Manager Help Ask,2017,482,328,143,9.8
Citizen Senior Responsibility,1975,736,757,143,6.3
Medical Program Must,2020,573,793,82,9.3
Economic Consider Property,2007,166,627,76,3.9
Low American Air,2022,9,100,144,3.7
American Step Yourself,1981,944,841,114,7.8
Important Really Indeed,2018,599,829,66,8.0
Case Will Stuff,2016,686,398,74,6.3
Where Pass Mouth,1990,198,905,61,9.4
Power Become Actually,2014,125,129,86,6.8
May Present Teacher,2000,980,370,65,4.7
Everybody Continue Book,2003,282,306,98,6.1
Herself Hot Since,1993,608,459,127,8.9
Little I Appear,1987,18,156,121,4.1
Seat Voice Talk,2001,445,123,139,6.5
Soon Own Attack,2000,566,113,127,2.1
Crime General As,2006,234,648,121,6.8
Social Less Culture,2021,49,532,99,8.7
Lose Go Type,1983,857,324,97,2.2
Close Edge Close,1988,698,775,73,1.5
Outside Long Nation,1997,991,818,112,2.2
Hear Claim American,1996,953,112,134,4.7
Sense Decide Increase,2011,483,405,131,4.6
Issue Miss Little,1985,929,457,62,1.8
Training Them Democrat,1981,657,499,104,7.9
Media Air Choice,1983,983,750,91,6.2
None Man Return,1990,86,936,112,9.2
Commercial New Kid,1976,56,649,88,3.4
Especially Rest Wait,1992,521,48,145,1.6
First Likely Class,2011,361,951,60,8.7
There Over Year,1971,509,193,146,5.2
Attack Heavy Institution,1971,502,200,110,4.1
Ago Chance Apply,2006,6,631,65,1.6
Least Option Property,1971,598,999,126,4.6
