male;George Ingram;1987-04-01;Noir
female;Diane Nelson;1893-11-20;Melodrama
female;Linda Pierce;1874-04-12;Talk Show
male;Brett Payne;1886-04-30;Biographical
male;Carl Green;1931-06-14;Crime
female;Mary May;1983-06-12;Drama
male;Timothy Wood;1903-09-26;Thriller
male;Edward Brooks;1943-03-28;Music
male;James Williams;1995-03-30;Romance
female;Jennifer Hunt;1926-02-01;Anime
female;Rose Finley;1979-05-07;Talk Show
male;Scott Merritt;1894-03-11;Cartoon
male;Jeffery Gutierrez;1902-04-23;Documentary
female;Elizabeth Lucero;1887-08-30;Noir
male;Jay Mayer;1883-08-13;Erotica
male;John Hopkins;1889-02-28;Cartoon
female;Sarah Johnson;1974-07-17;Science
male;Jorge Campbell;1871-09-25;Science fiction
female;Vanessa Ramirez;1988-07-19;Adventure
female;Breanna Kelly;1927-11-22;Crime
female;Lisa Jackson;1960-01-14;Musical
female;Sara Flynn;1979-10-09;Anime
female;Sarah Garcia;1961-05-03;Science fiction
female;Michelle Hogan;1953-10-27;Action
male;Derrick Lara;1873-01-28;Children
female;Barbara Rocha;1922-10-16;Military
male;Michael Rowe;1982-12-04;Detective
male;John Gibbs;1886-05-31;Science
male;Brett Evans;1897-08-19;Musical
male;Max Palmer;1958-03-13;Western
male;Brandon Ward;1933-09-30;Detective
female;Emily Rangel DVM;1873-06-11;Adventure
male;Patrick Jordan;1956-02-17;Erotica
female;Janet Johnson;1981-09-17;Talk Show
female;Kristy Murillo;1942-08-30;Musical
female;Michelle Matthews;1986-09-05;Action
male;Nicholas Wilson;1972-08-07;Detective
female;Monique Mcgee;1942-05-27;Comedy
male;Ryan Ali;1963-11-19;Crime
female;Mary Williams;1985-04-28;Comedy
male;Anthony Evans;1934-12-31;Western
female;Amanda Ramsey;1931-07-06;Biographical
male;Paul Frye;1926-06-02;Family
female;Kathleen Ellison;1914-11-24;Talk Show
female;Angela Kennedy;1984-11-23;Fantasy
male;Mr. Adam Flynn;1901-07-03;Fantasy
male;Dr. Stephen Brown;1921-11-09;Cartoon
male;Dennis Bailey;1918-07-12;Adventure
female;Lorraine Bernard;1883-09-26;Action
female;Ashley Nguyen;1915-11-11;Comedy
male;David Barrera;1964-03-17;Drama
female;Briana Frederick;1954-06-12;Musical
female;Diane Peck;1923-09-15;Musical
female;Amy Reyes;1924-08-12;Science fiction
male;Ian Gentry;1933-11-07;Erotica
female;Marilyn Barron;1966-09-10;Horror
female;Nichole Taylor;1981-03-03;Melodrama
female;Jennifer Freeman;1892-02-26;Science fiction
female;Barbara Franco;1956-01-18;Documentary
female;Jenny Hansen;1898-05-04;Talk Show
female;Ms. Veronica Little;1908-09-19;Reality Show
female;Karen West;1871-12-29;Science
female;Katelyn Foster;1897-01-30;Romance
female;Samantha Brown;1926-10-18;Romance
female;Julia Hobbs;1919-01-06;Family
female;Jamie Rivera;1896-07-24;Anime
male;Thomas Anthony;1897-08-03;Children
female;Michele Ryan;1874-08-04;Thriller
female;Erika Hayden;1877-04-24;Adventure
male;Gabriel Williams;1914-04-09;Romance
female;Terri Adkins;1947-07-21;Fantasy
female;Jennifer Foster;1978-07-21;Noir
female;Kimberly Johnson;1904-07-17;Science
male;Shawn Green;1929-11-21;Comedy
male;Jeremy Wise;1916-11-14;Noir
female;Kim Parsons;1953-12-27;Sports
male;Joshua Black;1911-12-31;Mystery
female;Brandi Perez;1993-07-15;Horror
male;William Stephens;1966-07-30;Action
female;Miss Julie Arnold;1952-11-10;Anime
male;David Anderson;1932-04-12;Erotica
male;Michael Stevenson;1878-08-31;Reality Show
male;William Smith;1873-06-10;Action
female;Sonya Carey;1948-02-02;Military
male;Richard Lewis;1897-12-23;Drama
female;Hannah Walker;1982-08-08;Film Comic
female;Felicia Mcdonald;1906-01-28;Science
male;James Osborn;1919-11-13;Comedy
female;Ashley Hale;1964-04-18;Erotica
male;Timothy Woodard;1874-05-24;Family
male;William Watkins;1921-09-26;Sports
male;Christopher Doyle;1966-06-22;Talk Show
female;Gina Jarvis;1877-10-19;Crime
female;Tara Holmes;1912-11-10;Horror
male;James Graham;1912-04-10;Melodrama
male;Johnny Martin;1895-06-20;Sports
female;Hayley Shields;1894-03-18;Film Comic
male;Patrick Contreras;1938-07-21;Erotica
male;Dwayne Bright;1873-03-13;Cartoon
female;Rebecca Brown;1959-06-08;Noir
female;Kelly Hill;1879-11-10;Cartoon
female;Rachael Parks;1996-04-23;Detective
male;Albert West;1924-08-30;Mystery
male;Logan Jones DDS;1911-11-02;Crime
male;Stephen Greene;1900-09-06;Fantasy
male;Cristian Todd;1895-02-03;Music
male;Michael Thompson;1923-04-14;Noir
female;Jennifer Santos;1980-03-13;Talk Show
female;Penny Martinez;1874-07-15;Musical
male;Dennis Young;1992-12-15;Children
male;Steven Martinez;1893-07-05;Fantasy
male;Julian Baker;1945-02-08;Erotica
male;Douglas Austin;1909-12-17;Fantasy
female;Vanessa Solomon;1971-03-31;Anime
female;Stephanie Walker;1961-08-19;Historical
male;Devon Zavala;1978-11-08;Historical
female;Susan Norman;1945-12-07;Sports
female;Dana Fry;1879-09-05;Drama
male;David Spencer;1955-09-07;Children
female;Janet Green;1925-02-24;Talk Show
male;Robert Norman;1996-09-05;Science fiction
male;Michael Franklin;1941-08-21;Family
female;Lisa Brown;1974-04-23;Drama
female;Kayla Mitchell;1992-03-29;Family
female;Tina Thompson;1982-04-28;Horror
male;Cory Taylor;1882-12-09;Comedy
female;Karen Morrow;1893-11-24;Melodrama
female;Andrea Simmons;1920-02-27;Reality Show
male;Jack Wright;1979-06-05;Military
male;Allen Gray;1921-12-01;Adventure
male;James Kelley;1901-12-14;Children
male;Daniel Logan;1988-04-21;Horror
female;Madeline Simmons;1907-09-15;Film Comic
male;John Graham;1931-06-12;Noir
female;Carla Martin;1923-01-18;Cartoon
female;Dana Good MD;1974-04-05;Thriller
female;Pamela Baker;1927-01-28;Drama
male;Jacob Copeland;1891-04-08;Action
male;Daniel English;1909-11-17;Action
female;Julie Clark;1949-07-25;Science
female;Patricia Nguyen;1922-09-11;Detective
female;Candice Gonzalez;1896-06-05;Erotica
male;Richard Wallace;1905-02-20;Musical
male;Joseph Jacobs;1901-08-23;Noir
female;Ariel Gordon;1871-09-27;Noir
male;Craig Fernandez;1945-11-18;Musical
male;Jeffery Sanders MD;1923-06-26;Historical
male;William Kelley;1948-12-16;Historical
male;Christopher Stark;1949-01-26;Anime
male;John Arnold;1895-04-01;Detective
male;Austin Allen;1874-03-07;Adventure
male;Stephen Salinas;1962-02-24;Film Comic
male;Jeremy Morgan;1920-07-05;Crime
male;Patrick Lopez;1993-05-29;Talk Show
female;Amanda Dunn;1879-04-27;Western
female;Brittany Taylor;1948-03-03;Noir
female;Briana Alexander;1963-02-25;Biographical
female;Brenda Reyes;1942-03-09;Cartoon
male;Jeremy Wilson;1901-03-11;Romance
female;Katie Calderon;1920-06-25;Drama
female;Samantha Yu;1922-05-08;Romance
male;Keith Ayala;1984-02-04;Reality Show
male;Mark Wilkins;1906-01-13;Sports
male;Shane Murillo;1878-10-05;Military
male;Anthony Clark;1897-11-24;Talk Show
male;Fernando Harris;1886-01-02;Fantasy
female;Courtney Cameron;1878-03-10;Romance
male;Charles Singh;1945-03-25;Musical
female;Carla Richards;1930-02-14;Noir
female;Elizabeth Gomez;1986-09-01;Thriller
male;Robert Edwards;1931-08-05;Western
male;Justin Scott;1885-11-09;Documentary
female;Rachel Richardson PhD;1939-03-20;Military
male;Travis Bennett;1890-12-23;Film Comic
male;Bryan Henson;1972-05-01;Cartoon
female;Debra Miller;1942-03-16;Horror
female;Catherine Carlson;1992-02-22;Music
female;Samantha Hess;1953-09-24;Adventure
female;Jessica Thomas;1943-11-06;Film Comic
female;Kelly Delgado;1901-02-28;Science fiction
male;Michael Pittman;1973-12-24;Mystery
female;Diane Huffman;1946-03-23;Children
male;David Meyer;1978-02-11;Romance
male;Christopher Shaffer;1938-10-02;Horror
male;Robert Gardner;1931-03-05;Sports
male;Jonathan Simmons;1892-02-17;Biographical
female;Catherine Bush;1989-07-25;Reality Show
female;Dawn Ward;1913-08-11;Cartoon
female;Allison Page;1875-02-17;Science fiction
female;Tammy Rivas;1872-06-17;Noir
female;Sonya Miller;1988-07-16;Children
male;Jordan Alexander;1913-04-04;Anime
male;Mark Curry;1959-01-17;Historical
male;Daniel Perkins;1934-07-17;Music
male;Jason Cohen;1918-04-29;Action
female;Whitney Tapia;1908-10-26;Military
male;Juan Rodriguez;1930-01-06;Music
male;Robert Ramirez;1882-10-04;Reality Show
female;Wanda Spears;1938-09-28;Sports
male;Jacob Logan;1940-05-26;Comedy
female;Teresa Hill;1974-07-13;Horror
male;Michael Clark;1921-11-09;Crime
male;Dr. Matthew Hays;1928-09-03;Sports
male;Michael Mullins;1894-12-27;Talk Show
female;Michele Moore;1986-03-18;Family
male;Gabriel Haney;1916-12-15;Melodrama
male;Paul Becker;1896-08-21;Biographical
female;Amanda Levine;1913-02-22;Action
female;Lori Guzman;1953-10-26;Documentary
male;Jason Mata;1979-09-22;Melodrama
female;Danielle Thomas;1983-08-19;Crime
male;Gary Jones;1956-07-21;Fantasy
female;Angela Kelly;1888-07-20;Melodrama
male;Dr. Connor Nelson;1944-04-21;Thriller
female;Stacy Conner;1955-06-05;Comedy
female;Debra Garcia;1979-02-25;Melodrama
female;Julie Townsend;1920-05-13;Children
female;Sarah Richards;1955-03-02;Family
male;Victor Hood;1949-11-20;Children
female;Elizabeth Bryant;1897-05-17;Adventure
male;Christopher Boyle;1900-08-23;Fantasy
male;John Hoover;1880-08-16;Film Comic
female;Kelsey Hardy;1967-01-03;Military
female;Kristin Roberts;1914-02-12;Music
male;Craig Watkins;1891-03-10;Historical
female;Margaret Watkins;1957-08-11;Talk Show
male;Christopher Spencer;1994-10-18;Thriller
female;Nicole Collins;1877-12-15;Reality Show
female;Victoria Lewis;1878-09-22;Military
female;Dr. Ashley Stephens;1935-04-13;Military
female;Emily Kline;1934-08-20;Military
male;Robert Roberts;1976-08-28;Adventure
female;Sonya Miller;1954-01-06;Children
female;Diana Sloan;1945-10-01;Action
male;Michael Trevino;1984-07-02;Music
male;Cody Harris;1910-01-15;Science fiction
female;Denise Murray;1873-10-15;Science
female;Teresa Schultz;1937-01-03;Musical
female;Pamela Cook;1945-05-02;Fantasy
male;Manuel Frazier;1977-03-04;Romance
male;Marc Oliver;1974-04-06;Music
female;Mrs. Rebecca Drake;1887-09-03;Documentary
male;Kristopher Woods;1907-04-06;Documentary
male;William Griffin;1906-07-29;Action
female;Rebecca Hernandez;1922-10-13;Erotica
female;Patricia Schaefer;1945-07-03;Reality Show
male;Robert Thomas;1945-01-22;Children
male;James Whitaker;1935-08-03;Noir
female;Emily Lee;1928-08-20;Film Comic
female;Tiffany Lopez;1877-04-23;Erotica
female;Stacy Lopez;1893-12-28;Children
male;Kevin Young;1896-04-02;Erotica
female;Tanya Patterson;1968-12-06;Sports
male;Ryan Espinoza;1893-05-27;Science
male;Shawn Wright;1959-03-25;Noir
female;Lisa Morrow;1913-11-25;Mystery
female;Cynthia Snyder;1921-02-26;Drama
male;William Buchanan;1911-03-19;Romance
female;Elizabeth Bradshaw;1995-10-07;Erotica
female;Amber Hicks;1958-09-03;Sports
male;Michael Whitney;1972-10-17;Melodrama
male;Jordan Hebert;1997-06-12;Reality Show
male;Jason King;1872-10-29;Adventure
male;Nathan Hall;1987-03-29;Romance
female;Kathy Wang;1952-12-10;Fantasy
female;Michelle Holden;1905-12-21;Music
male;Mr. Andrew Lee;1911-05-16;Reality Show
female;Jennifer Garrett;1875-08-24;Military
female;Jennifer Kirk;1884-03-05;Horror
male;Jason Torres;1966-10-03;Erotica
male;Daniel Lane;1926-06-06;Music
female;Sharon Gates;1953-07-11;Cartoon
female;Angel Allen;1935-01-17;Film Comic
female;Michelle Evans;1935-09-30;Action
male;Seth Andrews;1913-07-25;Historical
female;Tiffany Walker;1928-08-09;Erotica
male;Frank Griffith;1880-06-08;Crime
female;Elizabeth Guzman;1986-11-05;Comedy
female;Jeanette Becker;1884-08-07;Action
female;Jennifer Knight;1911-01-14;Fantasy
male;Eugene Figueroa;1986-11-19;Detective
female;Linda Reyes;1968-07-26;Thriller
male;William Rodriguez;1995-12-30;Music
female;Melissa Russell;1924-12-21;Action
male;Victor Jones;1918-05-15;Sports
male;Joshua Hill;1985-12-21;Action
female;Amanda Ward;1989-06-22;Anime
male;Andrew Harrison;1875-06-09;Biographical
male;Aaron Ortiz;1917-09-02;Detective
female;Brandy Gordon;1924-10-18;Biographical
female;Jennifer Wheeler;1939-11-28;Drama
female;Samantha Crane;1902-11-02;Noir
female;Maria Jones;1915-07-08;Family
female;Jessica Stewart;1915-04-27;Erotica
male;Jordan Haley;1932-12-14;Western
female;Kathryn Brown;1952-12-02;Talk Show
female;Alexandra Harrison;1904-07-01;Crime
female;Mrs. Cindy Cohen;1878-03-23;Western
male;Anthony Davis;1884-12-30;Mystery
male;Jacob Young;1918-10-03;Fantasy
male;Daniel Stone;1996-06-18;Crime
female;Grace Porter;1891-05-22;Reality Show
male;Joseph Stein;1943-04-15;Military
female;Betty Thompson;1924-10-18;Sports
female;Mrs. Lisa Daniel;1960-04-22;Crime
female;Laura Baker;1916-01-27;Historical
male;William Cunningham;1910-03-22;Film Comic
male;Robert Reid;1886-11-04;Action
male;Brian Hart;1986-09-11;Fantasy
male;Michael Mcdowell;1922-02-06;Science
female;Lisa Combs;1995-05-17;Science
male;Raymond Williams;1909-03-24;Thriller
male;Gregory Fritz;1919-10-15;Melodrama
female;Michelle Bailey;1890-07-09;Horror
male;Henry Bennett;1989-03-02;Drama
male;Trevor Pittman;1963-01-10;Music
female;Melinda Frey;1897-09-30;Family
male;Jerry Turner;1886-10-30;Film Comic
male;Steven Reynolds;1943-11-26;Musical
male;Miguel Lynn;1874-03-17;Biographical
female;Jennifer Whitehead;1909-10-13;Children
female;Alexis Lowe;1962-07-24;Thriller
male;Elijah Lewis;1973-06-06;Music
female;Michelle Hicks;1983-09-07;Family
male;Juan Reyes;1935-03-20;Musical
male;Paul Daniel;1895-08-22;Western
male;Dustin Strickland;1916-05-21;Western
male;Lucas Hull;1888-05-27;Children
female;Candice Rivers;1991-05-03;Family
female;Hannah Gonzalez;1958-03-09;Adventure
female;Tamara Medina;1891-04-24;Melodrama
male;Christopher Sanchez;1890-07-10;Science
male;Luis Rivera;1938-08-01;Reality Show
female;Cheryl Richardson;1967-04-05;Science fiction
male;Adam Christensen;1903-03-28;Erotica
female;Rachel Garza;1889-01-09;Biographical
female;Stacey Jackson;1932-09-17;Horror
male;Gilbert Robinson;1987-11-22;Noir
female;Caitlin Jones;1893-02-03;Melodrama
female;Taylor Stevens;1967-02-20;Adventure
female;Lisa Sexton MD;1969-02-06;Film Comic
male;Jonathan Watson;1890-11-28;Melodrama
male;Eric Mullins;1963-12-20;Melodrama
female;Lauren Murphy;1925-07-28;Mystery
male;David Johnson;1897-08-21;Adventure
male;Ryan Colon;1949-11-15;Film Comic
male;Joseph Jones;1903-11-10;Military
male;Cody Jones;1873-05-27;Comedy
female;Jodi Dunn;1990-10-05;Documentary
female;Adriana Harrison;1967-01-02;Horror
female;Katie Dunn;1931-07-17;Music
female;Veronica Moore;1972-11-19;Mystery
female;Sandra Larson;1946-04-24;Film Comic
female;Beverly Riley;1919-07-18;Adventure
female;Heidi Harvey;1896-05-27;Detective
female;Debra Rowe;1874-10-06;Adventure
male;Edward Yates;1963-06-04;Horror
male;Eduardo Booth;1947-09-06;Anime
male;Kyle Adkins;1989-09-23;Documentary
female;Tammy Kennedy;1917-06-09;Anime
female;Mikayla Mendez;1976-01-11;Adventure
male;Travis White;1938-06-13;Science fiction
male;Cameron Baird;1989-12-12;Fantasy
male;Jeremy Smith;1890-09-21;Documentary
female;Tammy Harmon;1926-05-21;Children
male;Jeffrey Carlson;1877-08-04;Romance
female;Amanda Hunt;1992-06-18;Film Comic
female;Jessica Lindsey;1993-08-31;Music
female;Amanda Ross;1947-01-04;Documentary
female;Elizabeth Clay;1992-11-28;Family
male;Jeremiah Dodson;1955-07-16;Cartoon
male;Timothy Jones;1926-11-04;Action
female;Heather Duncan;1904-10-01;Fantasy
male;Terrance Bradshaw;1978-05-27;Romance
female;Sharon Dunlap;1938-09-05;Biographical
female;Brittney Schroeder;1920-03-30;Talk Show
female;Tonya King;1907-05-22;Film Comic
female;Amy Malone;1909-04-25;Biographical
female;Jessica Ware;1908-10-08;Talk Show
male;Scott Taylor;1976-11-23;Horror
female;Amber Williams;1976-12-30;Horror
male;Jordan Harrell;1997-07-12;Cartoon
female;Nicole Shepherd;1938-11-06;Fantasy
female;Lori Myers;1984-09-05;Erotica
male;Jay Wilson;1910-05-02;Thriller
male;David Warren;1958-05-17;Melodrama
male;Charles Potter;1885-08-30;Adventure
male;Billy Elliott;1946-10-20;Drama
female;Kristina Woods;1962-02-10;Mystery
male;Jesse Evans;1919-02-22;Family
female;Paula Castillo;1952-08-16;Crime
female;Jessica Williams;1946-06-09;Horror
female;Amber Freeman;1913-05-19;Cartoon
female;Amanda Lowe;1876-06-24;Fantasy
female;Michelle Howard;1916-07-26;Cartoon
female;Brandy Cobb;1937-05-21;Science
female;Jeanette Smith;1899-12-17;Biographical
male;Scott Davis;1939-10-14;Fantasy
male;Devin Foster;1910-05-22;Cartoon
female;Lynn Lindsey;1888-02-23;Noir
female;Ashley Wright;1920-02-12;Film Comic
female;Alexandria Morris;1875-04-20;Comedy
male;Jonathan Sullivan;1935-12-01;Musical
female;Marissa Moreno;1950-09-08;Adventure
female;Sandra York;1907-01-01;Military
male;Russell Barber;1995-05-23;Military
female;Shelley Beard;1921-10-15;Anime
male;Taylor Rodgers;1994-05-26;Western
female;Michelle Vazquez;1928-09-27;Children
female;Rebecca Gross;1929-07-18;Family
female;Samantha Bird;1894-10-05;Children
female;Sonia Salinas;1935-09-23;Adventure
female;Amber Schultz;1882-03-29;Detective
male;Leonard Harvey;1956-02-15;Anime
female;Madison Miller;1978-10-11;Noir
female;Erica Castillo;1904-04-22;Military
female;Elizabeth Pollard;1871-12-01;Comedy
female;Rhonda House;1981-03-02;Action
female;Megan Lopez;1982-10-18;Fantasy
female;Deanna Villegas;1891-07-29;Detective
female;Lisa Barnes;1893-09-29;Music
female;Natasha Fox;1926-01-02;Detective
female;Sheri Mathis;1916-06-08;Romance
female;Kathy Lang;1954-02-10;Thriller
male;Evan Bailey;1920-09-29;Anime
female;Danielle Moore;1931-05-28;Adventure
female;Pamela Lane;1924-03-24;Music
female;Mary Austin;1980-12-21;Film Comic
male;Paul Irwin;1948-04-04;Adventure
female;Caitlin Thomas;1969-03-19;Anime
male;Christopher Acosta;1967-07-30;Adventure
male;David Woodard;1976-03-05;Biographical
female;Stephanie Miller;1967-08-21;Erotica
male;Richard Scott;1915-05-08;Melodrama
male;Cristian Porter;1907-07-31;Noir
female;Emily Parker;1951-08-19;Cartoon
female;Sharon Allen;1969-06-28;Romance
male;Gregory Ali;1960-10-29;Talk Show
female;Kathryn Berry;1899-02-06;Mystery
female;Gabrielle Higgins;1957-07-06;Science
male;Troy Smith;1982-06-28;Drama
male;Jesse Butler;1884-05-20;Science fiction
male;Peter Wheeler;1932-12-11;Detective
male;Richard Vance;1950-05-19;Family
male;Todd Garcia;1882-01-18;Crime
female;Mrs. Nicole Clark;1993-07-05;Science fiction
female;Ashley Diaz;1883-12-02;Erotica
female;Adrienne Berg;1887-09-25;Historical
male;Justin Herrera;1893-09-09;Family
female;Anne Gonzales;1979-11-12;Detective
male;Jeffrey Pollard;1954-04-18;Documentary
female;Michelle Mills;1884-03-29;Comedy
female;Rhonda Odonnell;1891-12-23;Fantasy
male;Daniel Johnson;1899-04-30;Drama
female;Robin Wood;1970-05-05;Detective
female;Robin Cline;1941-04-21;Fantasy
male;Paul Costa;1874-11-16;Mystery
male;Patrick Cohen;1978-11-11;Western
female;Crystal Hodge;1960-06-24;Drama
male;Robert Kennedy;1956-07-18;Family
female;Ann Cook;1995-05-11;Comedy
female;Lori Stout;1948-12-09;Mystery
male;Jeffrey Figueroa;1900-12-29;Noir
female;Brandi Shelton;1949-02-14;Adventure
male;Charles Drake;1949-10-15;Film Comic
male;Christopher Baldwin;1891-02-19;Adventure
female;Andrea Thompson;1941-02-02;Detective
female;Dorothy Gentry;1916-06-10;Biographical
male;Terry Avila;1954-04-03;Western
male;William Nolan;1914-11-24;Reality Show
female;Susan Brooks;1993-06-27;Music
female;Rachel Johnson;1873-08-24;Action
male;Michael Kaufman;1884-08-25;Science
female;Erin Miller;1982-07-17;Detective
female;Lindsey Torres;1874-09-17;Music
male;Kirk Giles;1956-08-31;Crime
female;Kayla Adams;1930-02-11;Sports
female;Cassandra Guerrero;1924-11-10;Adventure
male;John Anderson;1945-12-31;Comedy
female;Brianna Smith;1974-09-08;Science
male;Mr. John Richardson;1886-02-28;Horror
female;Carolyn Compton DVM;1997-02-05;Crime
male;Jonathan Byrd;1938-06-08;Talk Show
male;Anthony Perez;1966-07-09;Action
male;Jordan Lee;1910-08-14;Military
male;Christopher Ford;1955-02-02;Family
female;Kimberly Franco;1882-10-31;Thriller
male;Jeremy Johnston;1946-04-12;Talk Show
female;Elizabeth Jones;1915-07-19;Romance
male;Robert Davis;1909-02-05;Western
female;Amanda Grant;1969-07-05;Musical
male;James Ramos;1964-06-25;Fantasy
female;Kelly Jensen;1878-04-08;Reality Show
male;Robert Sullivan;1945-10-12;Biographical
male;Peter Sullivan;1879-01-03;Reality Show
female;Deborah Berg;1889-08-20;Horror
female;Lori Martin;1930-04-28;Family
female;Megan Espinoza;1933-07-11;Documentary
male;Collin Cook;1905-08-16;Horror
male;Charles Garcia;1902-07-19;Detective
female;Jessica Riley;1890-09-06;Adventure
female;Theresa Caldwell;1909-01-26;Action
female;Valerie Floyd;1950-02-03;Biographical
male;David James;1994-05-21;Science fiction
female;Maria Mcbride;1920-03-07;Fantasy
female;Jocelyn Johnson;1903-03-24;Horror
male;Jordan Thompson;1988-09-06;Horror
male;Robert Gilmore;1890-10-24;Mystery
female;Haley Salazar;1956-03-10;Music
female;Sarah Ramirez;1912-03-05;Children
female;Katrina Martinez;1894-12-16;Fantasy
female;Stacy Mason;1993-09-29;Science
male;Charles Barnes;1969-03-18;Noir
female;Emily Fuentes;1933-04-21;Family
male;David Montes;1916-01-05;Talk Show
male;Joel Brewer;1984-01-28;Military
male;Ronald Lewis;1924-11-13;Sports
male;Michael Martinez;1943-12-26;Romance
female;Anna Johnson;1893-04-04;Romance
male;Daniel Banks;1879-05-18;Erotica
female;Grace Chang;1919-11-09;Documentary
male;Christopher Miller;1902-02-28;Fantasy
male;Jacob Stafford;1910-11-18;Historical
female;Emily Molina;1892-09-18;Adventure
female;Vanessa Conway;1951-09-30;Talk Show
female;Jennifer Hodge;1908-12-20;Music
male;Jason Martinez;1893-04-24;Adventure
female;Kristin Mann;1908-10-30;Science
female;Angel Nguyen;1985-07-01;Noir
female;Mariah Wood;1878-06-25;Noir
male;Patrick Arroyo;1993-05-24;Military
female;Robin Martin;1940-07-04;Anime
female;Robyn Torres;1921-07-21;Musical
male;Colton Hendricks;1885-04-21;Action
female;Jacqueline Burns;1977-12-23;Family
male;Edward Flores;1876-05-31;Children
male;Stephen Brennan;1909-06-20;Film Comic
female;Veronica Boyd;1945-11-08;Action
female;Kristen Sims;1878-03-25;Talk Show
female;Jennifer Hart;1953-01-05;Talk Show
female;Cindy Dyer;1964-10-19;Adventure
male;Tyler Sullivan;1935-06-22;Action
female;Jennifer Smith;1903-11-20;Crime
male;Kenneth Taylor;1933-04-20;Drama
female;Lisa Brewer;1895-05-20;Western
male;Rick Flowers;1915-04-01;Reality Show
female;Kimberly Nguyen;1941-06-09;Reality Show
female;Michele Ross;1882-11-06;Documentary
male;Eric Andrews;1929-10-12;Film Comic
male;Christopher Dean;1909-12-26;Drama
female;Ann Hansen;1880-09-09;Mystery
female;Sara Briggs;1965-07-25;Horror
female;Jane Wood;1965-09-29;Musical
female;Ashley Bass;1932-05-28;Musical
female;Gail Mack;1988-01-14;Crime
female;Brenda Rivera;1994-01-14;Family
male;Anthony Davis;1895-04-28;Mystery
female;Kimberly Holmes;1929-07-24;Cartoon
male;Jason Jackson;1954-09-20;Family
male;Michael Hill;1969-10-26;Action
male;Devon Horn;1906-07-30;Music
male;Jesse Ferrell;1889-06-21;Sports
female;Amber Moore;1905-06-02;Comedy
female;Jennifer Arnold;1958-04-16;Thriller
male;Daniel Wallace;1910-04-26;Fantasy
female;Amy Bradley;1979-01-26;Melodrama
female;Andrea Maldonado;1888-04-04;Erotica
male;Jason Anderson;1933-03-07;Film Comic
female;Christine King;1920-06-26;Reality Show
male;Jose Morales;1981-09-13;Adventure
male;Andrew Gallagher;1914-10-09;Erotica
female;Jessica Smith;1907-04-10;Erotica
female;Connie Garcia;1930-01-24;Sports
male;Aaron Carter;1922-01-06;Adventure
male;Jack Hughes;1997-07-15;Action
male;William Gregory;1877-10-14;Documentary
male;Robert Pratt;1974-12-20;Horror
female;Melody Allen;1989-04-09;Sports
female;Molly Luna;1873-02-09;Drama
male;Scott Delacruz;1990-10-16;Horror
male;Allen Mills;1888-06-16;Reality Show
male;Justin Green;1933-04-24;Family
male;Matthew Lawson;1951-09-29;Noir
male;John Martinez;1911-08-13;Music
male;Eric Carlson;1971-06-06;Reality Show
male;Jeffrey Howell;1894-11-20;Erotica
female;Mrs. Jennifer Barron DDS;1914-02-14;Biographical
female;Lindsay Chambers;1894-08-26;Comedy
female;Kathy Stevens;1989-03-03;Western
male;Arthur Bond;1945-07-16;Detective
female;Yolanda Sanchez;1874-12-02;Melodrama
female;Jeanette Shepherd;1889-10-11;Sports
male;John Short;1882-12-12;Historical
female;Jenna Anderson;1944-04-30;Family
male;Phillip Lewis;1919-02-05;Anime
male;Thomas Reilly;1983-02-26;Historical
female;Linda Estrada;1928-08-19;Action
female;Krista Evans;1987-02-09;Romance
female;Katie Murphy;1929-10-06;Anime
female;Amber Jones;1953-06-01;Adventure
female;Elizabeth Jones;1996-12-06;Horror
male;Shawn Taylor;1876-07-05;Detective
male;Bradley Burch;1895-09-02;Romance
male;John Conner;1957-08-01;Drama
male;Ruben Grimes;1934-04-25;Science fiction
female;Angela Smith;1962-05-21;Thriller
male;Ronald Stevens;1936-05-20;Fantasy
male;Chris Taylor;1902-06-22;Reality Show
male;Tyler Ortiz;1926-02-03;Adventure
male;Jesse Hubbard;1896-10-01;Romance
male;Logan Campos;1947-09-05;Military
male;Mr. Brian Carter;1988-02-23;Horror
male;Charles Lawson;1956-11-07;Melodrama
male;Eric Powell;1901-04-21;Erotica
female;Jennifer Shea;1880-09-09;Family
male;Glenn Beasley;1910-05-22;Melodrama
male;Arthur Stephens;1886-02-20;Science
female;Claudia Guerrero;1963-04-22;Science fiction
female;Jennifer Powers;1880-07-26;Fantasy
female;Courtney Madden;1904-04-23;Noir
male;Robert Patrick;1955-08-28;Thriller
male;Mark Roman;1921-01-26;Musical
female;Nancy Aguilar;1965-07-08;Erotica
male;Raymond Arellano;1895-04-11;Detective
female;Brenda Curtis;1947-10-20;Military
female;Jennifer Downs;1937-03-18;Reality Show
female;Heather Klein;1963-09-06;Cartoon
female;Lindsey Schwartz;1893-07-10;Thriller
female;Shannon Cole;1908-04-02;Talk Show
female;Dr. Emma Conrad;1910-08-22;Military
female;Jessica Morales;1900-10-28;Anime
male;Christopher King;1949-09-24;Drama
male;Nathan James;1945-10-19;Drama
male;Antonio Kane;1964-04-27;Family
male;Geoffrey Ortiz;1948-09-30;Western
male;Matthew Smith;1948-11-22;Adventure
male;Jeremy Quinn;1880-05-18;Crime
female;Jessica Jones;1948-08-04;Children
male;Tony Singh;1928-08-09;Drama
male;Eric Lindsey II;1977-06-30;Thriller
female;Shannon Wood;1880-12-09;Cartoon
male;Patrick Garcia;1990-09-21;Action
female;Jill Sparks;1958-03-29;Science
female;Melissa Clark;1962-01-09;Musical
male;Alan Reyes;1958-01-23;Science
male;Jason Farrell;1909-11-08;Action
male;Clifford Berry;1997-08-24;Adventure
female;Bailey Byrd;1932-09-26;Historical
male;Robert Walker;1917-01-18;Erotica
male;William Davis;1997-08-03;Horror
male;Charles Chen;1983-03-17;Drama
male;Corey Bradley;1966-05-20;Action
female;Lori Obrien;1908-03-06;Adventure
male;Donald Patterson;1889-02-07;Historical
male;Reginald Gonzales;1957-04-30;Documentary
female;Joan Bowen;1977-05-25;Romance
male;James Martinez;1975-08-08;Action
male;Jeffrey Phillips;1928-02-17;Musical
female;Elizabeth Patterson;1953-01-14;Military
female;Gina Dunn;1894-07-26;Children
male;Michael Jones;1949-12-28;Erotica
female;Tonya Greer;1967-03-28;Comedy
female;Vicki Fleming;1924-05-14;Erotica
female;Nancy Myers;1895-03-07;Noir
male;Steve Bell;1896-10-29;Action
male;Michael Taylor;1916-08-10;Biographical
male;Nathan Thomas;1941-12-30;Documentary
male;Joshua Ramirez;1951-10-18;Mystery
male;Matthew Lee;1957-09-11;Crime
female;Dawn Larson;1903-07-25;Action
female;Katrina Lewis;1945-01-26;Adventure
female;Shannon Hutchinson;1875-08-28;Fantasy
male;Kenneth Lee;1911-12-16;Biographical
male;Andrew Lynch;1968-04-13;Mystery
male;Christopher Fleming;1981-12-06;Film Comic
male;Scott Reed;1895-02-08;Fantasy
male;Clayton Walsh;1964-01-19;Children
male;Lucas Brown;1941-03-28;Musical
female;Melissa Richard;1985-05-21;Detective
male;Dennis Shields;1982-08-13;Crime
female;Bethany Hernandez;1941-10-27;Mystery
male;William Rosario;1911-04-29;Western
female;Tracy Brown;1965-02-04;Cartoon
female;Rachel Rosario;1917-01-10;Historical
male;James Thomas;1949-09-04;Anime
female;Denise Harvey;1987-10-05;Action
female;Janice Miller;1888-12-28;Military
female;Andrea French;1894-03-07;Horror
male;Dr. Sean Baker DVM;1955-02-21;Action
female;Katelyn Bolton;1872-01-09;Documentary
male;Robert Russo;1912-08-23;Anime
female;Cathy Cox;1933-08-17;Talk Show
male;Jeff Smith;1946-03-09;Talk Show
male;Antonio Smith;1948-08-12;Sports
male;Anthony Avila;1924-06-21;Children
male;Antonio Oneal;1928-03-06;Music
male;Colin Christensen;1951-01-14;Music
male;Timothy Reyes;1968-09-04;Erotica
male;Rodney Robinson;1996-07-06;Fantasy
female;Deanna Brown;1927-05-01;Mystery
female;Angel Conway;1876-05-10;Thriller
female;Mrs. Alyssa Robinson;1881-04-12;Drama
female;Sheila Fowler;1961-07-24;Action
female;Dr. Nicole Jones DVM;1902-12-31;Melodrama
male;Alexander Davis;1951-06-19;Science fiction
female;Amber Thomas;1904-11-25;Musical
male;Frank Peters;1997-08-16;Detective
male;Joseph Joseph;1876-02-13;Cartoon
female;Nancy Wright;1874-02-02;Mystery
female;Amy Thomas;1938-06-05;Crime
female;Michelle Moreno;1887-09-26;Erotica
male;Matthew Santiago;1939-10-16;Reality Show
male;Curtis Schmidt;1876-06-03;Action
female;Victoria Zavala;1923-09-27;Drama
male;Eugene Erickson;1928-10-20;Sports
female;Ms. Megan Perez;1924-03-19;Adventure
female;Sheri Ramirez;1924-10-28;Family
female;Anne Ramirez;1965-04-24;Romance
male;Sean Obrien;1883-06-15;Film Comic
female;Mary Brown;1996-01-12;Cartoon
male;Jorge Smith;1964-11-15;Family
female;Veronica Mclaughlin;1895-11-30;Film Comic
female;Brianna Mcdaniel;1993-05-24;Crime
male;Albert Pace;1948-04-22;Children
male;Michael Swanson;1885-10-04;Family
male;Michael Benson;1982-12-04;Melodrama
male;Brian Thomas;1958-12-27;Historical
female;Wanda Reid;1907-01-04;Thriller
female;Sheila Benson;1928-01-02;Fantasy
male;Christopher Johnson;1954-12-28;Children
female;Barbara Maldonado;1946-06-11;Documentary
female;Lisa Benitez;1909-01-24;Children
male;Matthew Pierce;1912-07-24;Noir
male;Donald Warner;1951-07-07;Mystery
female;Elaine Goodwin;1968-02-10;Melodrama
female;Pamela Hughes;1987-09-21;Action
female;Catherine Campbell;1968-01-25;Horror
male;Austin Mcmahon;1925-04-07;Children
male;Patrick Johnson;1911-09-19;Noir
male;Bruce Adkins;1933-07-15;Horror
female;Sandy Hoover;1991-04-07;Horror
male;Ryan Mcdonald;1888-07-27;Children
male;Gary Blackwell;1926-07-26;Western
male;Kevin Reyes;1997-06-17;Talk Show
male;Ethan Wiley;1879-02-23;Musical
male;Michael Pace;1928-06-28;Fantasy
male;Dillon Kennedy;1926-01-12;Family
male;Steven Luna;1952-07-18;Science
male;Jeremy Montes;1977-12-12;Cartoon
male;Joshua Underwood;1972-06-06;Talk Show
female;Chelsea Davis;1967-05-15;Biographical
male;Alexander Thomas;1911-10-23;Fantasy
female;Mary Mcgee;1917-08-06;Historical
male;Brian Parker;1930-04-02;Military
female;Laura Thomas;1938-05-13;Crime
female;Holly Walker;1904-01-23;Melodrama
female;Samantha Wilkinson;1889-01-11;Reality Show
male;Trevor Franklin;1975-03-21;Erotica
male;Evan Delacruz;1901-12-25;Erotica
female;Allison Martinez;1961-10-31;Music
female;Sarah Wilson;1964-05-06;Film Comic
female;Susan Williamson;1921-03-17;Cartoon
female;Kimberly Jenkins;1940-05-11;Family
male;Grant Nguyen;1924-01-13;Reality Show
female;Katherine Williams;1883-09-12;Crime
male;Wayne Alvarado;1936-01-19;Action
female;Ann Mcintyre;1979-12-15;Children
male;Albert Williams;1938-05-24;Music
male;Kristopher Ward;1940-12-15;Adventure
male;William Nicholson;1950-11-20;Reality Show
female;Heather Moore;1934-01-11;Science fiction
male;Samuel Welch;1988-08-21;Horror
male;Scott Blair;1991-12-09;Crime
male;Kevin Wilson;1978-02-23;Anime
male;Michael Patel;1976-07-20;Science fiction
male;Aaron Edwards;1885-10-06;Musical
male;Larry Park;1973-03-25;Science
male;Taylor King;1972-05-13;Film Comic
male;Joel Gibson;1931-01-28;Musical
male;Jacob Lee;1892-05-17;Adventure
male;Jonathan Nelson;1883-10-02;Drama
male;James Howard;1921-01-15;Adventure
male;Andrew Escobar;1875-12-05;Music
male;Anthony Martin;1952-10-21;Sports
female;Leah Crosby;1883-03-31;Action
female;Kathleen Camacho;1894-03-11;Detective
female;Tiffany Graham;1926-12-03;Drama
female;Monica Brown;1995-05-11;Melodrama
female;Natalie Erickson;1943-02-25;Reality Show
male;Keith Pierce;1991-06-20;Drama
male;David Rivera;1878-12-24;Noir
male;Ryan Johnson;1889-10-15;Adventure
female;Janet Herrera;1900-02-17;Detective
male;Alexander Dalton;1982-01-19;Noir
male;Brian Key;1958-11-09;Detective
male;Andres Ward;1952-05-28;Drama
female;Marissa Luna;1894-08-28;Comedy
female;Lisa Sims;1890-06-19;Music
male;Corey Cooper;1979-03-27;Comedy
female;Heather Day;1946-05-10;Adventure
male;Andrew Collins;1896-01-19;Anime
male;Michael Hernandez;1966-04-04;Music
female;Sharon Ryan;1873-06-29;Music
male;William Roberts;1973-06-21;Comedy
female;Tiffany Gilbert;1940-08-21;Fantasy
female;Andrea Morton;1966-12-26;Romance
female;Julie Hall;1875-08-10;Melodrama
female;Rhonda Harvey;1983-09-06;Children
male;Wesley Jones;1978-06-19;Film Comic
female;Victoria Adams;1897-04-28;Thriller
male;Nicholas Santana;1891-08-04;Crime
female;Angela Lopez;1898-02-17;Sports
female;Melanie Peterson;1972-12-14;Melodrama
female;Christine French;1974-03-05;Adventure
female;Diane Campbell;1965-09-30;Children
female;Megan Grant;1897-04-19;Adventure
female;Ashley Flores;1919-08-28;Western
male;Daniel Nolan;1952-06-29;Crime
female;Christina Ross;1948-08-03;Historical
female;Stacy Armstrong;1915-03-26;Thriller
female;Wendy Perez;1987-11-10;Detective
male;Micheal Reese;1893-09-06;Adventure
male;Jeffrey Jones;1947-06-01;Reality Show
male;Joseph Gallagher;1908-11-20;Sports
female;Susan Hill;1900-05-28;Detective
female;Jasmine Jensen;1907-11-16;Anime
male;Anthony Christian;1958-08-03;Horror
male;George Rich;1873-10-14;Crime
female;Chelsea Johnson;1965-06-21;Cartoon
female;Katherine Lee;1947-01-25;Detective
male;Robert Booth;1963-04-10;Romance
male;James Landry;1935-05-16;Cartoon
female;Nicole Shelton;1962-06-03;Anime
male;Joshua Gardner;1878-10-29;Horror
female;Adrienne Johnson;1920-12-08;Erotica
male;Eric Salazar;1945-07-12;Adventure
female;Anna Griffin;1988-04-15;Adventure
female;Sarah Keith;1893-11-16;Music
female;Patricia Gonzalez;1994-09-05;Romance
female;Rachael Reeves;1941-08-18;Fantasy
male;Logan Williams;1980-06-29;Fantasy
male;Ian Hughes;1889-07-02;Noir
male;Curtis Hammond;1974-09-10;Romance
female;Valerie Bowers;1886-10-28;Sports
male;Robert Hunt;1989-08-24;Horror
male;Mr. Maurice Aguilar DDS;1946-09-02;Fantasy
female;Megan Leon;1948-01-23;Science
male;Jacob Phillips;1917-12-12;Family
male;Michael Barnes;1992-10-04;Mystery
female;Colleen Huber;1939-04-27;Drama
male;Matthew Morales;1878-12-12;Drama
female;Melinda Hall;1959-12-13;Detective
male;Ryan Williams Jr.;1894-01-10;Reality Show
male;Cory Mason;1956-04-25;Reality Show
male;Michael Phillips;1878-02-21;Family
female;Linda Robertson;1878-10-16;Science
male;Alexander Moore;1957-06-13;Music
male;Bradley Lang;1920-12-28;Fantasy
male;Patrick Sharp;1934-04-21;Biographical
female;Crystal Robertson;1898-08-26;Cartoon
male;Stephen Clark;1921-03-04;Mystery
male;Timothy Richmond;1909-04-08;Adventure
female;Anne Green;1944-09-08;Comedy
male;Michael Ramirez;1952-07-21;Children
male;Jordan Lopez;1878-01-16;Cartoon
female;April Macdonald;1947-10-21;Science fiction
female;Linda Simpson;1910-06-20;Erotica
male;Darrell Munoz;1913-01-27;Drama
male;James King;1993-11-20;Action
female;Ashley Jones;1901-07-09;Film Comic
male;Kevin Huffman;1915-06-07;Romance
female;Janet Baker;1973-07-03;Science fiction
female;Susan Smith;1977-04-13;Science
male;Jeremy Nielsen;1967-10-20;Documentary
female;Tonya Harding;1957-08-26;Family
male;Travis Clark;1982-01-13;Historical
female;Mary Bailey;1997-01-24;Melodrama
male;Benjamin Jones;1883-11-18;Cartoon
male;Joseph Reeves;1929-06-18;Anime
male;David Alexander MD;1894-02-08;Military
male;Daniel Fischer;1922-07-23;Historical
male;Juan Jones;1888-04-15;Sports
male;Thomas Wilson;1913-05-22;Children
male;Wesley Little;1967-04-25;Children
female;Andrea Alvarado;1901-07-07;Talk Show
male;Gregory King;1986-11-14;Crime
male;Christopher Brown;1957-07-24;Erotica
female;Tammy Neal;1905-12-07;Melodrama
male;Thomas Soto;1986-10-07;Action
male;Kevin Guerrero;1914-12-03;Science
male;Vincent Garcia;1959-02-28;Biographical
female;Shannon Park;1907-11-13;Adventure
male;Jeffrey Schultz;1943-10-23;Talk Show
male;Patrick Richards;1916-10-10;Fantasy
male;Paul Turner;1937-04-30;Talk Show
female;Amanda Wall;1892-02-22;Crime
female;Heather Schroeder;1959-05-13;Musical
female;Christina Brown;1994-03-21;Military
female;Christy Taylor;1960-05-11;Mystery
female;Rebecca Atkinson;1910-07-07;Children
female;Cassidy Harris;1939-11-09;Anime
female;Teresa Crawford;1945-10-23;Crime
male;Sean Hartman;1920-12-20;Historical
female;Deborah Green;1966-08-09;Documentary
male;Tony Anderson;1961-07-20;Drama
male;Martin Kelley;1898-01-31;Noir
male;John Smith;1935-01-05;Science
female;Karen Jacobs;1880-04-25;Anime
male;Derrick White;1951-09-07;Historical
male;David Barry;1971-08-24;Reality Show
male;John Velez;1916-08-05;Noir
female;Kristina Elliott;1940-03-02;Adventure
male;Steven James;1881-10-01;Family
female;Sandra Brown MD;1963-04-02;Cartoon
female;Kimberly Murillo;1882-04-17;Action
female;Kimberly Nichols;1871-10-19;Mystery
male;Robert Bryan;1966-10-25;Horror
male;Keith Knight;1933-04-15;Science
female;Shari West;1981-12-26;Crime
male;Timothy Jones;1977-05-13;Musical
male;Juan Tucker;1888-06-03;Thriller
female;Dr. Dawn Hubbard;1922-11-10;Music
female;Nicole Wilkins;1893-04-12;Erotica
female;Sandra Palmer;1981-07-28;Biographical
male;Craig Woods;1911-10-03;Film Comic
male;Gregory Bush;1992-12-17;Science fiction
female;Abigail Marquez;1945-09-22;Anime
male;Daniel Smith;1973-06-03;Biographical
male;Daniel Jacobson;1910-09-19;Children
male;Chad Smith;1928-09-13;Musical
female;Lisa Carter;1886-09-18;Film Comic
male;Richard Kelley;1941-04-01;Military
female;Karen Rodriguez;1902-09-05;Film Comic
male;John Brown;1917-12-20;Music
male;John Valentine;1990-06-18;Documentary
male;Steven Mooney;1957-07-03;Detective
male;Matthew Collins MD;1873-07-02;Erotica
male;Mark Anderson;1882-09-12;Biographical
male;James Todd;1891-03-01;Musical
female;Maria Valentine;1878-06-29;Comedy
female;Stacy Nelson;1931-03-24;Music
male;Christopher Armstrong;1954-07-08;Sports
female;Sarah Sims;1970-11-20;Action
female;Ashley Clark;1981-10-31;Noir
male;Jason Choi;1877-03-25;Melodrama
female;Jessica Suarez;1899-08-22;Drama
male;Nicholas Vaughn;1990-07-19;Melodrama
female;Kari Mason;1964-09-10;Drama
male;Joshua Cooper;1916-11-26;Documentary
female;Wendy Robbins;1871-12-17;Romance
female;Karen Garner;1994-05-30;Melodrama
female;Anne Patel;1899-05-07;Science fiction
male;Anthony Blackburn;1955-05-03;Noir
male;Donald Gonzales;1979-10-03;Science
male;Dan Maldonado;1912-08-20;Romance
female;Alicia Kennedy;1949-02-19;Horror
male;Dennis Mills;1884-10-02;Documentary
female;Heather Carson;1908-08-12;Documentary
male;Bradley Mcneil;1918-07-06;Documentary
male;Robert Meadows;1913-09-30;Documentary
female;Robin Fuller;1905-10-17;Military
female;Sarah Hoffman;1961-05-02;Comedy
female;Mary Fox;1951-04-04;Action
male;Bradley Hampton;1968-05-13;Reality Show
male;Sean Kim;1993-10-14;Science
male;John Miller;1977-02-22;Romance
female;Suzanne Jordan;1974-01-06;Horror
male;Matthew Duran;1886-01-28;Talk Show
female;Elizabeth Jones;1985-03-21;Military
male;Julian Farmer;1977-02-25;Detective
male;Jason Jimenez;1876-05-16;Musical
male;Scott Baker;1995-08-25;Romance
female;Sarah Dean;1965-01-26;Crime
female;Nicole Curtis;1934-07-06;Comedy
male;Dr. Jacob Clark;1942-03-26;Romance
female;Crystal Rogers;1953-05-20;Military
female;Jennifer Duncan;1987-11-01;Film Comic
male;Brad Sanchez;1906-08-19;Science
male;Ralph Harvey;1889-06-05;Anime
male;Kevin Griffith;1960-04-01;Erotica
female;Amy Sanchez;1898-06-17;Musical
female;Lisa Nelson;1918-09-24;Film Comic
male;James Martinez;1903-11-19;Cartoon
female;Diana Pugh;1975-04-30;Cartoon
female;Linda Williamson;1876-10-29;Science fiction
male;Scott Scott;1889-12-06;Music
male;Kristopher White;1974-08-25;Musical
male;James Griffith;1887-07-07;Drama
male;Roger Andrews;1886-11-24;Science fiction
female;Jennifer Mcbride;1894-06-17;Music
female;Beth Hardin;1974-04-02;Talk Show
male;Philip Gallagher;1970-10-26;Documentary
female;Terry Ramos DDS;1922-01-14;Thriller
female;Sharon Wilson;1899-12-04;Crime
female;April Kim;1904-02-18;Sports
female;Kayla Holland;1995-03-15;Thriller
male;Timothy Shaffer;1952-03-05;Romance
male;Andrew Jackson;1949-12-10;Sports
female;Denise Garcia;1942-08-19;Reality Show
male;Eric Rodriguez;1890-09-05;Family
